	Alphaproteobacteria	Gammaproteobacteria	Vicinamibacteria	Actinobacteria	Verrucomicrobiae	Bacilli	Planctomycetes	Blastocatellia	Thermoleophilia	Bacteroidia	Acidobacteriae	Polyangia	Bacteria_unclassified	Gemmatimonadetes	Nitrososphaeria	Methylomirabilia	Acidimicrobiia	Phycisphaerae	Babeliae	KD4-96	Myxococcia	Nitrospiria	TK10	Thermoanaerobaculia	Holophagae	Desulfobacterota_class	Anaerolineae	Chloroflexia	MB-A2-108	Subgroup_25	Subgroup_5	Chlamydiae	Clostridia	Oligoflexia	RCP2-54_cl	bacteriap25	Actinobacteriota_unclassified	Entotheonellia	Dehalococcoidia	Latescibacterota_cl	Chthonomonadetes	NB1-j_cl	Ktedonobacteria	Bdellovibrionia	Armatimonadota_class	OM190	AD3	Sumerlaeia	Gitt-GS-136	Chloroflexi_unclassified	JG30-KF-CM66	Subgroup_11	Vampirivibrionia	Planctomycetota_unclassified	Subgroup_22	Fimbriimonadia	Lineage_IIa	MBNT15_cl	Rubrobacteria	Longimicrobia	Parcubacteria	Desulfobacterota_unclassified	Abditibacteria	OLB14	Latescibacteria	Armatimonadia	Sericytochromatia	Fibrobacteria	S0134_terrestrial_group	AT-s3-28	Proteobacteria_unclassified	Subgroup_18	Desulfuromonadia	Acidobacteriota_unclassified	Firmicutes_unclassified	Pla4_lineage	WPS-2_cl	SJA-28	BD2-11_terrestrial_group	Negativicutes	Saccharimonadia	P9X2b3D02	Lineage_IIb	WS2_cl	Symbiobacteriia	P2-11E	Elusimicrobia	vadinHA49	BD7-11	Nanoarchaeia	Gracilibacteria	Bacteroidota_unclassified	Microgenomatia	Cyanobacteriia	Myxococcota_unclassified	ABY1	Spirochaetia	Subgroup_20	Kapabacteria	Limnochordia	Desulfitobacteriia	Thermoplasmatota_unclassified	Berkelbacteria	Pla3_lineage	Armatimonadota_unclassified	SAR324_clade(Marine_group_B)_cl	Omnitrophia	Leptospirae	Patescibacteria_unclassified	Cyanobacteria_unclassified	Hydrogenedentia	SHA-26	GAL15_cl	Rhodothermia	BRH-c20a	Lineage_IIc	Ignavibacteria	Kryptonia	Syntrophobacteria	Deinococci	Gemmatimonadota_unclassified	Desulfotomaculia	Elusimicrobiota_unclassified	Fusobacteriia	Subgroup_19	FCPU426_cl	Archaea_unclassified	WS4_cl	Verrucomicrobiota_unclassified	Methanobacteria	Bdellovibrionota_unclassified	Patescibacteria_class	Chitinivibrionia	Kiritimatiellae	Nitrospirota_unclassified	WWE3	Kazania	Coriobacteriia	Margulisbacteria_cl	Desulfobaccia	Halanaerobiia	Methanocellia	Thermodesulfovibrionia	Thermoplasmata	Desulfovibrionia	TA06_cl
S1S202009a	0.20868113522537526	0.1777963272120198	0.12353923205342227	0.09181969949916517	0.044240400667779595	0.027545909849749584	0.04090150250417359	0.018363939899833055	0.015025041736227046	0.0592654424040066	0.03005008347245409	0.02587646076794658	0.007512520868113523	0.02003338898163606	0.005008347245409015	0.010851419031719533	0.014190317195325543	0.01001669449081803	0.005843071786310518	0.0	0.0025041736227045075	0.008347245409015025	0.001669449081803005	0.001669449081803005	0.0025041736227045075	0.005843071786310518	0.00333889816360601	0.0008347245409015025	0.0008347245409015025	0.001669449081803005	0.001669449081803005	0.00333889816360601	0.01001669449081803	0.0025041736227045075	0.0008347245409015025	0.0008347245409015025	0.0	0.0	0.0008347245409015025	0.0008347245409015025	0.0	0.0025041736227045075	0.0008347245409015025	0.0025041736227045075	0.0	0.001669449081803005	0.0	0.0008347245409015025	0.0	0.0	0.0	0.0	0.0	0.0008347245409015025	0.0	0.0	0.0	0.001669449081803005	0.0008347245409015025	0.0	0.0	0.0	0.0	0.0	0.001669449081803005	0.0	0.0	0.0	0.0	0.0	0.0	0.0	0.0	0.0	0.0	0.0	0.0	0.0	0.0	0.0	0.0	0.0	0.0	0.0	0.0	0.0	0.0	0.0	0.0	0.0	0.0	0.0	0.0	0.0	0.0	0.0	0.0	0.0	0.0	0.0	0.0	0.0	0.0	0.0	0.0	0.0	0.0	0.0	0.0	0.0	0.0	0.0	0.0	0.0	0.0	0.0	0.0	0.0	0.0	0.0	0.0	0.0	0.0	0.0	0.0	0.0	0.0	0.0	0.0	0.0	0.0	0.0	0.0	0.0	0.0	0.0	0.0	0.0	0.0	0.0	0.0	0.0	0.0	0.0	0.0	0.0
S1S202009b	0.16707616707616724	0.2039312039312042	0.14864864864864877	0.07371007371007371	0.04299754299754302	0.01597051597051597	0.03931203931203933	0.0171990171990172	0.01597051597051597	0.06142506142506146	0.025798525798525797	0.04545454545454549	0.011056511056511056	0.01597051597051597	0.002457002457002457	0.013513513513513513	0.0085995085995086	0.01474201474201474	0.0085995085995086	0.0012285012285012285	0.006142506142506142	0.004914004914004914	0.002457002457002457	0.004914004914004914	0.002457002457002457	0.002457002457002457	0.0012285012285012285	0.0012285012285012285	0.0	0.0	0.0012285012285012285	0.0012285012285012285	0.007371007371007371	0.0	0.002457002457002457	0.0	0.0012285012285012285	0.0	0.0	0.0	0.0	0.002457002457002457	0.0012285012285012285	0.0036855036855036856	0.002457002457002457	0.006142506142506143	0.0	0.0	0.0	0.0012285012285012285	0.0	0.0	0.0	0.0036855036855036856	0.0	0.0	0.0	0.0012285012285012285	0.0	0.0	0.0	0.0012285012285012285	0.0	0.0	0.0	0.0	0.0	0.0	0.0	0.0	0.0	0.0	0.0	0.0	0.0	0.0	0.0	0.0012285012285012285	0.0	0.0	0.0012285012285012285	0.0	0.0	0.0	0.0	0.0012285012285012285	0.0	0.0	0.0	0.0	0.0	0.0	0.0	0.0	0.0	0.0	0.0	0.0	0.0	0.0	0.0	0.0	0.0	0.0	0.0	0.0	0.0	0.0	0.0	0.0	0.0	0.0	0.0	0.0	0.0	0.0	0.0	0.0	0.0	0.0	0.0	0.0	0.0	0.0	0.0	0.0	0.0	0.0	0.0	0.0	0.0	0.0	0.0	0.0	0.0	0.0	0.0	0.0	0.0	0.0	0.0	0.0	0.0	0.0	0.0	0.0
S1U202009a	0.16751977664029735	0.14657980456026035	0.11493718008376005	0.038157282456956716	0.11028385295486279	0.023266635644485795	0.05490926012098655	0.07677989762680319	0.01023731968357376	0.016751977664029784	0.023731968357375517	0.009306654257794325	0.028850628199162377	0.011633317822242908	0.02000930665425779	0.034434620753839	0.009771986970684042	0.007910656119125177	0.014425314099581211	0.0018613308515588647	0.0018613308515588647	0.008841321544904607	0.0037226617031177293	0.006049325267566311	0.004187994416007446	0.004187994416007446	0.002791996277338297	0.003257328990228013	0.0	0.0018613308515588647	0.0037226617031177293	0.002791996277338297	0.00046533271288971617	0.0037226617031177293	0.002791996277338297	0.003257328990228013	0.0	0.0	0.0009306654257794323	0.002791996277338297	0.002791996277338297	0.0013959981386691485	0.00046533271288971617	0.0009306654257794323	0.0	0.0013959981386691485	0.0	0.0013959981386691485	0.00046533271288971617	0.00046533271288971617	0.0	0.00046533271288971617	0.00046533271288971617	0.0013959981386691485	0.0018613308515588647	0.0	0.00046533271288971617	0.00046533271288971617	0.0	0.00046533271288971617	0.00046533271288971617	0.0	0.0009306654257794323	0.0013959981386691485	0.0	0.0	0.0	0.0	0.0	0.0	0.0	0.00046533271288971617	0.00046533271288971617	0.00046533271288971617	0.0	0.0	0.00046533271288971617	0.00046533271288971617	0.0	0.0	0.00046533271288971617	0.0	0.0	0.0	0.0	0.0	0.0	0.0	0.0	0.0	0.0	0.0	0.0	0.0	0.0	0.0	0.0	0.0	0.0	0.0	0.0	0.0	0.0	0.0	0.0	0.0	0.00046533271288971617	0.00046533271288971617	0.0	0.0	0.0	0.0	0.0	0.0	0.0	0.0	0.0	0.0	0.0	0.0	0.0	0.0	0.0	0.0	0.0	0.0	0.0	0.0	0.0	0.0	0.0	0.0	0.0	0.0	0.0	0.0	0.0	0.0	0.0	0.0	0.0	0.0	0.0	0.0	0.0	0.0
S1U202009b	0.08571428571428572	0.17142857142857143	0.22857142857142856	0.0	0.05714285714285714	0.02857142857142857	0.02857142857142857	0.14285714285714285	0.0	0.0	0.02857142857142857	0.0	0.05714285714285714	0.02857142857142857	0.0	0.05714285714285714	0.02857142857142857	0.0	0.0	0.0	0.0	0.0	0.0	0.0	0.0	0.0	0.0	0.0	0.0	0.0	0.0	0.0	0.0	0.0	0.0	0.0	0.0	0.0	0.02857142857142857	0.0	0.02857142857142857	0.0	0.0	0.0	0.0	0.0	0.0	0.0	0.0	0.0	0.0	0.0	0.0	0.0	0.0	0.0	0.0	0.0	0.0	0.0	0.0	0.0	0.0	0.0	0.0	0.0	0.0	0.0	0.0	0.0	0.0	0.0	0.0	0.0	0.0	0.0	0.0	0.0	0.0	0.0	0.0	0.0	0.0	0.0	0.0	0.0	0.0	0.0	0.0	0.0	0.0	0.0	0.0	0.0	0.0	0.0	0.0	0.0	0.0	0.0	0.0	0.0	0.0	0.0	0.0	0.0	0.0	0.0	0.0	0.0	0.0	0.0	0.0	0.0	0.0	0.0	0.0	0.0	0.0	0.0	0.0	0.0	0.0	0.0	0.0	0.0	0.0	0.0	0.0	0.0	0.0	0.0	0.0	0.0	0.0	0.0	0.0	0.0	0.0	0.0	0.0	0.0	0.0	0.0	0.0	0.0
S2S202009a	0.20996362834784627	0.1282376281274116	0.12515154855064484	0.10106910613909399	0.05648627796759613	0.04061501157279838	0.04507880524633524	0.021216797090267834	0.015375289319960309	0.039788383114735995	0.033946875344428494	0.046236085087622565	0.00810095888901135	0.024523310922517375	0.008817370219332085	0.01267496969028987	0.00556596495095338	0.010470627135456847	0.002314559682574672	0.004408685109666042	0.002369668246445497	0.0031411881406370546	0.0029207538851537527	0.0025901025019287997	0.004629119365149345	0.005565964950953378	0.0051802050038575985	0.0015981483522539406	0.001983908299349719	0.0017083654799955913	0.002700319629670451	0.00044086851096660423	0.004353576545795217	0.0009919541496748595	0.0003857599470957787	0.0003857599470957787	0.0012674969690289874	0.0006061942025790808	0.0009368455858040339	0.0004959770748374297	0.0	0.0006613027664499064	0.0007715198941915574	0.0012674969690289872	0.0007715198941915574	0.0021492339909621955	0.0004408685109666042	0.0006061942025790808	5.510856387082553e-05	5.510856387082553e-05	0.0	0.00027554281935412766	0.0	0.0	0.0003306513832249532	0.0005510856387082553	0.00011021712774165106	5.510856387082553e-05	0.0007715198941915574	0.00027554281935412766	0.00027554281935412766	0.0	0.0002755428193541276	0.0	0.0	0.0014328226606414639	0.0	0.0009368455858040339	0.0	0.0	0.0	0.0	0.00022043425548330211	5.510856387082553e-05	0.00011021712774165106	0.0004959770748374297	5.510856387082553e-05	0.00011021712774165106	0.00011021712774165106	0.0005510856387082553	5.510856387082553e-05	0.0	0.0007164113303207318	0.0	0.0	0.0	0.0	0.0001653256916124766	0.0	0.0	0.0	0.0	0.0004959770748374297	0.0002755428193541276	0.0001653256916124766	0.0	0.0	0.0	0.0	0.0	0.0	0.0	0.0	0.0	0.0	0.0	0.0	0.0	0.0	0.0	0.0	0.0	0.0	0.0	0.0	0.0	0.0	0.0	5.510856387082553e-05	0.0	0.0	0.0	0.0	0.0	0.0	0.0	0.0	0.0	0.0	0.0	0.0	0.0	0.0	0.0	0.0	0.0	0.0	0.0	0.0	0.0	0.0	0.0	0.0	0.0	0.0	0.0
S2S202009b	0.20798002638025165	0.1330789523271145	0.1004333898624459	0.1090069719238742	0.05162992274354632	0.036037309214245375	0.047154701337855716	0.0241190879969851	0.013519879404560026	0.04894478990013194	0.03787450537026573	0.05134727718108163	0.008997550405125315	0.02463727152817031	0.010834746561145657	0.01026945543621632	0.00579423403052572	0.009091765592613528	0.001366120218579235	0.0024967024684379117	0.003156208780855474	0.00334463915583192	0.004616544186922931	0.005087620124364047	0.0026380252496702467	0.0042396834369700384	0.004428113811946484	0.0042396834369700384	0.0020256265309967964	0.0029677784058790273	0.0014603354060674582	0.001177689843602789	0.004804974561899378	0.0010363670623704541	4.710759374411155e-05	0.0003768607499528924	0.0025438100621820235	0.0008479366873940078	0.0008479366873940079	0.0005652911249293386	0.00042396834369700395	0.0013661202185792352	0.00047107593744111546	0.0013190126248351234	0.0005181835311852271	0.0012247974373469004	0.0008950442811381194	0.0004710759374411155	0.0	0.0	0.0003768607499528924	0.0	0.0	0.0	0.00023553796872055775	0.0008479366873940079	0.0007537214999057848	0.0	0.0	0.0009421518748822309	0.00032975315620878084	0.0	9.42151874882231e-05	0.00014132278123233464	0.0	9.42151874882231e-05	0.0	0.0002826455624646693	0.0	0.00014132278123233464	0.0	0.0007066139061616733	0.0	0.0	0.0	0.0010363670623704541	0.0	0.0	0.00023553796872055775	0.00032975315620878084	0.00047107593744111546	0.0	0.0006123987186734502	4.710759374411155e-05	0.0	4.710759374411155e-05	9.42151874882231e-05	0.0	0.0	9.42151874882231e-05	0.0	0.0	0.0	0.0	0.0	0.0	0.0	0.0	0.0	0.0	4.710759374411155e-05	0.0	0.0	0.00023553796872055775	0.0	0.0	0.0	0.0	0.0	0.0	0.0	0.0	0.0	0.0	0.0	0.0	0.0	0.0	0.0	0.0	0.0	0.0	0.0	0.0	0.0	0.0	4.710759374411155e-05	0.0	0.0	0.0	0.0	0.0	0.0	0.0	0.0	0.0	0.0	0.0	0.0	0.0	0.0	0.0	0.0	0.0	0.0	0.0
S2U202009a	0.1779359430604988	0.10955770208439276	0.12404677173360469	0.036858159633960365	0.10930350788002051	0.04143365531265893	0.04956786985256748	0.06863243518047797	0.009659379766141328	0.03787493645144896	0.02897813929842398	0.006354855109303507	0.023640061006609037	0.022114895780376197	0.021606507371631924	0.021098118962887644	0.005338078291814947	0.012709710218607012	0.005083884087442808	0.002287747839349263	0.004575495678698526	0.004067107269954245	0.007117437722419928	0.005592272496187086	0.007117437722419927	0.003050330452465684	0.0033045246568378247	0.005846466700559225	0.0012709710218607017	0.006100660904931367	0.005083884087442805	0.0020335536349771225	0.000762582613116421	0.0002541942043721403	0.0010167768174885613	0.0010167768174885613	0.0010167768174885613	0.0017793594306049825	0.0017793594306049823	0.0033045246568378247	0.0005083884087442806	0.0	0.0010167768174885613	0.000762582613116421	0.0012709710218607017	0.0010167768174885613	0.000762582613116421	0.0005083884087442806	0.0005083884087442806	0.0010167768174885613	0.000762582613116421	0.0005083884087442806	0.000762582613116421	0.0	0.0005083884087442806	0.002033553634977123	0.0002541942043721403	0.0	0.0002541942043721403	0.000762582613116421	0.0002541942043721403	0.0002541942043721403	0.0005083884087442806	0.0	0.0	0.0002541942043721403	0.0005083884087442806	0.0	0.0005083884087442806	0.0002541942043721403	0.0	0.0005083884087442806	0.0002541942043721403	0.0005083884087442806	0.0002541942043721403	0.0002541942043721403	0.0	0.0002541942043721403	0.0	0.0	0.0	0.0	0.0	0.0005083884087442806	0.0	0.0	0.0	0.0002541942043721403	0.0002541942043721403	0.0	0.0	0.0002541942043721403	0.0002541942043721403	0.0	0.0	0.0	0.0	0.0	0.0002541942043721403	0.0	0.0	0.0	0.0	0.0	0.0	0.0	0.0	0.0	0.0	0.0002541942043721403	0.0	0.0	0.0	0.0	0.0	0.0	0.0	0.0	0.0	0.0	0.0	0.0	0.0	0.0	0.0	0.0	0.0	0.0	0.0	0.0	0.0	0.0	0.0	0.0	0.0	0.0	0.0	0.0	0.0	0.0	0.0	0.0	0.0	0.0	0.0	0.0
S2U202009b	0.16608391608391754	0.112364907819453	0.1454227590591232	0.03639542275905907	0.11395422759059114	0.03941513032422116	0.04275270184361077	0.061506675143038717	0.009059122695486336	0.04386522568340737	0.029879211697393458	0.008741258741258745	0.01859504132231403	0.01986649713922438	0.02288620470438652	0.018595041322314036	0.00445009535918627	0.011602034329307063	0.0069930069930069965	0.002542911633820725	0.005562619198982836	0.004291163382072473	0.005562619198982837	0.003814367450731087	0.005880483153210428	0.0023839796567069298	0.00476795931341386	0.003814367450731088	0.0007946598855689765	0.007787666878575971	0.005244755244755245	0.00270184361093452	0.0006357279084551812	0.001748251748251748	0.0011125238397965672	0.0017482517482517483	0.00047679593134138587	0.001589319771137953	0.0006357279084551812	0.0027018436109345206	0.0012714558169103624	0.0	0.0009535918626827718	0.0017482517482517483	0.0007946598855689765	0.0012714558169103624	0.0003178639542275906	0.0006357279084551812	0.0006357279084551812	0.0014303877940241576	0.0006357279084551812	0.0001589319771137953	0.00047679593134138587	0.0003178639542275906	0.0003178639542275906	0.0009535918626827718	0.0011125238397965672	0.0003178639542275906	0.0	0.0006357279084551812	0.0011125238397965672	0.0	0.0003178639542275906	0.0001589319771137953	0.0003178639542275906	0.0003178639542275906	0.0003178639542275906	0.0001589319771137953	0.0001589319771137953	0.0003178639542275906	0.0	0.0003178639542275906	0.0	0.0001589319771137953	0.0	0.0	0.00047679593134138587	0.0006357279084551812	0.0003178639542275906	0.0	0.0	0.0	0.0	0.0001589319771137953	0.0	0.0001589319771137953	0.0	0.0001589319771137953	0.0001589319771137953	0.0	0.0001589319771137953	0.0001589319771137953	0.0001589319771137953	0.0	0.0	0.0	0.0	0.0001589319771137953	0.0001589319771137953	0.0	0.0	0.0003178639542275906	0.0001589319771137953	0.0001589319771137953	0.0	0.0001589319771137953	0.0	0.0	0.0	0.0001589319771137953	0.0	0.0	0.0001589319771137953	0.0	0.0	0.0	0.0	0.0	0.0	0.0	0.0	0.0	0.0	0.0001589319771137953	0.0	0.0	0.0	0.0	0.0	0.0	0.0	0.0	0.0	0.0	0.0	0.0	0.0	0.0	0.0	0.0	0.0	0.0	0.0	0.0	0.0	0.0
S3S202009a	0.25574177529484776	0.1135940409683426	0.12228429546865296	0.07200496585971443	0.052141527001862184	0.018001241464928614	0.050279329608938536	0.03165735567970205	0.0074487895716946004	0.04220980757293605	0.042830540037243944	0.04841713221601488	0.014276846679081313	0.018621973929236497	0.0031036623215394167	0.012414649286157667	0.007448789571694601	0.004965859714463066	0.005586592178770951	0.002482929857231533	0.0074487895716946004	0.004965859714463066	0.00186219739292365	0.004965859714463066	0.00186219739292365	0.004345127250155183	0.009931719428926133	0.0006207324643078833	0.002482929857231533	0.0	0.0037243947858473002	0.002482929857231533	0.0006207324643078833	0.0	0.00558659217877095	0.0006207324643078833	0.00186219739292365	0.002482929857231533	0.0006207324643078833	0.0012414649286157666	0.0	0.0031036623215394167	0.0006207324643078833	0.0012414649286157666	0.0	0.0	0.0	0.0006207324643078833	0.0	0.0006207324643078833	0.0	0.0	0.0	0.0012414649286157666	0.0006207324643078833	0.0	0.0012414649286157666	0.0	0.0	0.0	0.0	0.0012414649286157666	0.0	0.0	0.0	0.0	0.0	0.0	0.0	0.0	0.0	0.0	0.002482929857231533	0.0	0.0006207324643078833	0.0006207324643078833	0.0	0.0	0.0	0.0	0.0	0.0	0.0006207324643078833	0.0	0.0	0.0	0.0	0.0006207324643078833	0.0	0.0	0.0	0.0	0.0	0.0	0.0	0.0	0.0	0.0	0.0	0.0	0.0	0.0	0.0012414649286157666	0.0	0.0	0.0	0.0	0.0	0.0	0.0	0.0	0.0	0.0	0.0	0.0	0.0	0.0	0.0	0.0	0.0	0.0	0.0	0.0	0.0	0.0	0.0	0.0	0.0	0.0	0.0	0.0	0.0	0.0	0.0	0.0	0.0	0.0	0.0	0.0	0.0	0.0	0.0	0.0	0.0	0.0	0.0
S3S202009b	0.26095617529880466	0.13545816733067723	0.0876494023904382	0.07370517928286852	0.057768924302788835	0.01195219123505976	0.03187250996015936	0.019920318725099598	0.013944223107569721	0.05577689243027886	0.03984063745019919	0.07171314741035854	0.013944223107569721	0.013944223107569721	0.01195219123505976	0.019920318725099598	0.00398406374501992	0.013944223107569721	0.00398406374501992	0.00398406374501992	0.00398406374501992	0.00398406374501992	0.0	0.0	0.0	0.00597609561752988	0.00398406374501992	0.00398406374501992	0.0	0.0	0.00398406374501992	0.00199203187250996	0.00199203187250996	0.0	0.0	0.0	0.00199203187250996	0.00199203187250996	0.0	0.00398406374501992	0.0	0.00398406374501992	0.0	0.0	0.0	0.0	0.00199203187250996	0.0	0.0	0.0	0.0	0.0	0.0	0.0	0.0	0.0	0.00199203187250996	0.0	0.0	0.0	0.0	0.0	0.0	0.00199203187250996	0.0	0.0	0.00199203187250996	0.0	0.0	0.0	0.0	0.0	0.0	0.0	0.0	0.0	0.0	0.0	0.0	0.00199203187250996	0.0	0.0	0.0	0.0	0.0	0.0	0.0	0.0	0.0	0.0	0.0	0.0	0.0	0.0	0.0	0.0	0.00199203187250996	0.0	0.0	0.0	0.0	0.0	0.0	0.0	0.0	0.0	0.0	0.0	0.0	0.0	0.0	0.0	0.0	0.0	0.0	0.0	0.0	0.0	0.0	0.0	0.0	0.0	0.0	0.0	0.0	0.0	0.0	0.0	0.0	0.0	0.0	0.0	0.0	0.0	0.0	0.0	0.0	0.0	0.0	0.0	0.0	0.0	0.0	0.0	0.0	0.0
S3U202009a	0.2340195016251334	0.11078006500541741	0.10901950162513555	0.03602383531960998	0.09520585048754068	0.02085590465872156	0.044149512459371716	0.06107800650054174	0.01124052004333693	0.021126760563380285	0.02843986998916578	0.010969664138678212	0.0395449620801734	0.018553629469122424	0.0169284940411701	0.022345612134344526	0.014084507042253499	0.009615384615384607	0.012323943661971813	0.0017605633802816902	0.0035211267605633804	0.006094257854821235	0.0032502708559046588	0.004198266522210184	0.007448537378114843	0.007719393282773565	0.0025731310942578548	0.0008125677139761647	0.0010834236186348862	0.004198266522210184	0.0044691224268689055	0.0028439869989165764	0.0008125677139761647	0.002979414951245937	0.0020314192849404116	0.002437703141928494	0.0010834236186348862	0.002437703141928494	0.0	0.0013542795232936078	0.001218851570964247	0.0005417118093174431	0.00027085590465872155	0.0013542795232936078	0.0008125677139761647	0.001218851570964247	0.0006771397616468039	0.0006771397616468039	0.00013542795232936077	0.0004062838569880823	0.0020314192849404116	0.00027085590465872155	0.0009479956663055255	0.0010834236186348862	0.001218851570964247	0.0006771397616468039	0.0005417118093174431	0.0005417118093174431	0.0	0.0	0.00013542795232936077	0.00013542795232936077	0.0	0.0006771397616468039	0.0	0.00027085590465872155	0.00027085590465872155	0.0	0.0	0.0006771397616468039	0.00013542795232936077	0.00027085590465872155	0.0	0.00013542795232936077	0.00027085590465872155	0.0006771397616468039	0.0	0.00013542795232936077	0.00013542795232936077	0.00013542795232936077	0.0	0.0	0.0	0.0	0.00013542795232936077	0.00013542795232936077	0.0	0.00013542795232936077	0.0	0.0	0.0	0.00013542795232936077	0.00013542795232936077	0.00027085590465872155	0.00013542795232936077	0.0	0.0	0.0	0.0	0.0	0.0	0.00013542795232936077	0.0	0.0	0.00013542795232936077	0.0	0.0	0.0	0.0	0.0	0.0	0.0	0.00013542795232936077	0.0	0.0	0.00013542795232936077	0.0	0.00027085590465872155	0.0	0.0	0.0	0.0	0.0	0.0	0.0	0.0	0.0	0.0	0.0	0.0	0.0	0.0	0.0	0.0	0.0	0.0	0.0	0.0	0.0	0.0	0.0	0.0	0.0	0.0	0.0	0.0
S3U202009b	0.18915040183696827	0.08811710677382288	0.1466704936854188	0.024684270952927686	0.13203214695751997	0.014064293915040178	0.057405281285878434	0.07060849598163027	0.010045924225028698	0.018943742824339842	0.026119402985074643	0.006888633754305392	0.033869115958668226	0.0169345579793341	0.018943742824339842	0.03444316877152699	0.006601607347876001	0.009758897818599305	0.013490241102181392	0.001722158438576349	0.003157290470723307	0.006314580941446612	0.00602755453501722	0.004305396096440872	0.006601607347876003	0.004305396096440872	0.0028702640642939152	0.0017221584385763492	0.000574052812858783	0.007175660160734787	0.006601607347876003	0.0025832376578645237	0.0002870264064293915	0.000574052812858783	0.001722158438576349	0.0028702640642939152	0.000574052812858783	0.0020091848450057405	0.000574052812858783	0.000574052812858783	0.000574052812858783	0.0	0.001148105625717566	0.000574052812858783	0.0	0.000574052812858783	0.002296211251435132	0.0020091848450057405	0.0002870264064293915	0.0014351320321469576	0.0008610792192881745	0.0002870264064293915	0.0008610792192881745	0.000574052812858783	0.000574052812858783	0.0002870264064293915	0.000574052812858783	0.0	0.0	0.0	0.0002870264064293915	0.0002870264064293915	0.0002870264064293915	0.0008610792192881745	0.0	0.000574052812858783	0.0	0.0	0.0	0.0	0.0	0.0002870264064293915	0.0	0.000574052812858783	0.0	0.0002870264064293915	0.0	0.0	0.0	0.0	0.0	0.0	0.0002870264064293915	0.000574052812858783	0.0	0.0	0.0	0.0002870264064293915	0.0	0.0	0.0	0.0	0.0	0.0	0.0	0.0002870264064293915	0.0	0.0	0.0	0.0	0.0	0.0	0.0	0.0002870264064293915	0.0	0.0	0.0	0.0	0.0	0.0	0.0	0.0	0.0	0.0	0.0	0.0	0.0	0.0	0.0	0.0	0.0	0.0	0.0	0.0	0.0	0.0	0.0	0.0	0.0	0.0	0.0	0.0	0.0	0.0	0.0	0.0	0.0	0.0	0.0	0.0	0.0	0.0	0.0	0.0	0.0	0.0
S4S202009a	0.2602739726027397	0.1643835616438356	0.0547945205479452	0.0410958904109589	0.0547945205479452	0.0136986301369863	0.0547945205479452	0.0	0.0	0.0547945205479452	0.0273972602739726	0.0684931506849315	0.0	0.0410958904109589	0.0273972602739726	0.0	0.0	0.0	0.0136986301369863	0.0273972602739726	0.0136986301369863	0.0136986301369863	0.0273972602739726	0.0	0.0	0.0	0.0273972602739726	0.0	0.0	0.0	0.0	0.0	0.0	0.0	0.0	0.0	0.0	0.0136986301369863	0.0	0.0	0.0	0.0	0.0	0.0	0.0	0.0	0.0	0.0	0.0	0.0	0.0	0.0	0.0	0.0	0.0	0.0	0.0	0.0	0.0	0.0	0.0	0.0	0.0	0.0	0.0	0.0	0.0	0.0	0.0	0.0	0.0	0.0	0.0	0.0	0.0	0.0	0.0	0.0	0.0	0.0	0.0	0.0	0.0	0.0	0.0	0.0	0.0	0.0	0.0	0.0	0.0	0.0	0.0	0.0	0.0	0.0	0.0	0.0	0.0	0.0	0.0	0.0	0.0	0.0	0.0	0.0	0.0	0.0	0.0	0.0	0.0	0.0	0.0	0.0	0.0	0.0	0.0	0.0	0.0	0.0	0.0	0.0	0.0	0.0	0.0	0.0	0.0	0.0	0.0	0.0	0.0	0.0	0.0	0.0	0.0	0.0	0.0	0.0	0.0	0.0	0.0	0.0	0.0	0.0	0.0	0.0
S4S202009b	0.1823161189358378	0.09898278560250416	0.10876369327073564	0.04812206572769949	0.09350547730829431	0.025821596244131443	0.05164319248826284	0.08098591549295785	0.015649452269170586	0.02425665101721439	0.023865414710485124	0.01838810641627542	0.03482003129890451	0.016040688575899846	0.020344287949921755	0.02621283255086072	0.009780907668231614	0.01017214397496088	0.0062597809076682335	0.003912363067292645	0.003912363067292645	0.00782472613458529	0.004694835680751174	0.00938967136150235	0.008998435054773084	0.004694835680751174	0.003129890453834116	0.003129890453834116	0.000782472613458529	0.0027386541471048514	0.0027386541471048514	0.002347417840375587	0.003129890453834116	0.0011737089201877935	0.002347417840375587	0.0019561815336463224	0.000782472613458529	0.014475743348982786	0.001564945226917058	0.0011737089201877935	0.001564945226917058	0.0003912363067292645	0.000782472613458529	0.0019561815336463224	0.001564945226917058	0.0003912363067292645	0.0	0.000782472613458529	0.0	0.0003912363067292645	0.0003912363067292645	0.000782472613458529	0.000782472613458529	0.0	0.0003912363067292645	0.000782472613458529	0.0	0.0003912363067292645	0.0	0.0	0.0	0.0003912363067292645	0.0	0.0	0.0	0.0019561815336463224	0.0003912363067292645	0.0	0.000782472613458529	0.0	0.0	0.0	0.0003912363067292645	0.0003912363067292645	0.0003912363067292645	0.0	0.0003912363067292645	0.0	0.0	0.0	0.0003912363067292645	0.0	0.0003912363067292645	0.0	0.0	0.0003912363067292645	0.0003912363067292645	0.0	0.0	0.0	0.0	0.000782472613458529	0.0	0.0	0.0	0.0	0.0	0.0	0.0	0.0	0.0	0.0	0.0	0.0	0.0	0.0003912363067292645	0.0	0.0	0.0	0.0	0.0	0.0	0.0	0.0	0.0	0.0	0.0	0.0	0.0	0.0	0.0	0.0	0.0	0.0	0.0	0.0	0.0	0.0	0.0	0.0	0.0	0.0	0.0	0.0	0.0	0.0	0.0	0.0	0.0	0.0	0.0	0.0	0.0	0.0	0.0	0.0
S4U202009a	0.14175753688261686	0.09557408595253374	0.12123155869146898	0.042334830019243125	0.11417575368826173	0.02822322001282875	0.06542655548428486	0.05067350865939707	0.023733162283515078	0.01731879409878127	0.033354714560615784	0.013470173187940984	0.04041051956382299	0.03399615137908917	0.01796023091725465	0.02565747273893522	0.010904425914047465	0.010904425914047467	0.013470173187940984	0.005772931366260424	0.013470173187940986	0.005772931366260424	0.008980115458627324	0.008338678640153944	0.008338678640153944	0.0038486209108402817	0.0025657472738935213	0.001924310455420141	0.0006414368184733803	0.0051314945477870435	0.001924310455420141	0.0	0.0025657472738935213	0.0	0.0032071840923669015	0.0025657472738935213	0.0006414368184733803	0.0006414368184733803	0.0006414368184733803	0.0025657472738935213	0.001924310455420141	0.0	0.001924310455420141	0.0	0.0	0.0	0.0006414368184733803	0.0006414368184733803	0.0	0.0012828736369467607	0.0025657472738935213	0.0	0.0006414368184733803	0.0012828736369467607	0.0	0.0006414368184733803	0.0	0.0006414368184733803	0.0	0.0006414368184733803	0.0	0.0	0.0	0.0	0.0	0.0006414368184733803	0.0006414368184733803	0.0	0.0	0.0006414368184733803	0.0006414368184733803	0.0006414368184733803	0.0	0.0006414368184733803	0.0006414368184733803	0.0	0.0006414368184733803	0.0	0.0	0.0006414368184733803	0.0	0.0	0.0	0.0	0.0	0.0	0.0	0.0	0.0	0.0	0.0	0.0	0.0	0.0	0.0	0.0006414368184733803	0.0	0.0	0.0	0.0	0.0	0.0	0.0	0.0	0.0	0.0	0.0	0.0	0.0006414368184733803	0.0	0.0	0.0	0.0	0.0	0.0	0.0	0.0	0.0	0.0	0.0	0.0	0.0	0.0	0.0	0.0	0.0	0.0	0.0	0.0	0.0	0.0	0.0	0.0	0.0	0.0	0.0	0.0	0.0	0.0	0.0	0.0	0.0	0.0	0.0	0.0	0.0
S4U202009b	0.18199436222692023	0.08738548273432045	0.09672304439746329	0.05496828752642701	0.08668076109936598	0.03946441155743479	0.05567300916138118	0.05038759689922478	0.01779422128259336	0.023784355179703995	0.04633544749823816	0.012508809020436919	0.04157857646229737	0.024312896405919646	0.021494009866102892	0.02184637068357998	0.015856236786469337	0.00863284002818886	0.009337561663143054	0.0035236081747709656	0.006871035940803381	0.011099365750528542	0.008632840028188864	0.00616631430584919	0.006342494714587738	0.004052149400986611	0.002818886539816773	0.001761804087385483	0.00211416490486258	0.005285412262156448	0.005990133897110641	0.001937984496124031	0.0010570824524312897	0.0012332628611698379	0.0026427061310782245	0.0019379844961240314	0.0015856236786469346	0.0005285412262156448	0.0014094432699083862	0.00035236081747709656	0.001937984496124031	0.00017618040873854828	0.0014094432699083862	0.0007047216349541931	0.001761804087385483	0.0012332628611698379	0.0015856236786469346	0.001937984496124031	0.0007047216349541931	0.00017618040873854828	0.0022903453136011278	0.0	0.00035236081747709656	0.00035236081747709656	0.0	0.00017618040873854828	0.00017618040873854828	0.00035236081747709656	0.0005285412262156448	0.0015856236786469346	0.0012332628611698379	0.00017618040873854828	0.00017618040873854828	0.00035236081747709656	0.0	0.00017618040873854828	0.0007047216349541931	0.0	0.0008809020436927414	0.00017618040873854828	0.0	0.0	0.00017618040873854828	0.00017618040873854828	0.00035236081747709656	0.0	0.0	0.0	0.00035236081747709656	0.0	0.0	0.0	0.0	0.0	0.0	0.00035236081747709656	0.0005285412262156448	0.0005285412262156448	0.0005285412262156448	0.0	0.00017618040873854828	0.0	0.00017618040873854828	0.0	0.0	0.0	0.0	0.0	0.00017618040873854828	0.0	0.0	0.0	0.0	0.0	0.0	0.0	0.0	0.0	0.0	0.0	0.0	0.0	0.0	0.00035236081747709656	0.00035236081747709656	0.0	0.00017618040873854828	0.0	0.0	0.0	0.00017618040873854828	0.0	0.0	0.0	0.0	0.0	0.0	0.0	0.0	0.0	0.0	0.0	0.0	0.0	0.0	0.0	0.0	0.0	0.0	0.0	0.0	0.0	0.0	0.0	0.0	0.0
S5S202009a	0.14765100671140938	0.20805369127516765	0.17449664429530196	0.087248322147651	0.06711409395973154	0.026845637583892617	0.03355704697986577	0.020134228187919462	0.040268456375838924	0.026845637583892617	0.026845637583892617	0.020134228187919462	0.013422818791946308	0.006711409395973154	0.03355704697986577	0.0	0.006711409395973154	0.0	0.0	0.0	0.006711409395973154	0.0	0.0	0.0	0.0	0.013422818791946308	0.0	0.0	0.0	0.0	0.0	0.0	0.0	0.0	0.006711409395973154	0.0	0.0	0.0	0.0	0.0	0.0	0.0	0.0	0.0	0.0	0.0	0.0	0.0	0.0	0.0	0.0	0.013422818791946308	0.0	0.0	0.0	0.0	0.0	0.0	0.0	0.0	0.0	0.0	0.006711409395973154	0.0	0.0	0.0	0.0	0.006711409395973154	0.0	0.0	0.0	0.0	0.0	0.0	0.0	0.0	0.0	0.0	0.0	0.0	0.0	0.006711409395973154	0.0	0.0	0.0	0.0	0.0	0.0	0.0	0.0	0.0	0.0	0.0	0.0	0.0	0.0	0.0	0.0	0.0	0.0	0.0	0.0	0.0	0.0	0.0	0.0	0.0	0.0	0.0	0.0	0.0	0.0	0.0	0.0	0.0	0.0	0.0	0.0	0.0	0.0	0.0	0.0	0.0	0.0	0.0	0.0	0.0	0.0	0.0	0.0	0.0	0.0	0.0	0.0	0.0	0.0	0.0	0.0	0.0	0.0	0.0	0.0	0.0	0.0	0.0	0.0
S5S202009b	0.20202020202020185	0.18759018759018747	0.15440115440115432	0.06637806637806636	0.0404040404040404	0.011544011544011544	0.03318903318903319	0.02308802308802309	0.025974025974025972	0.05483405483405481	0.012987012987012988	0.04184704184704184	0.017316017316017316	0.012987012987012988	0.001443001443001443	0.015873015873015876	0.005772005772005772	0.012987012987012988	0.005772005772005772	0.005772005772005772	0.001443001443001443	0.008658008658008658	0.001443001443001443	0.002886002886002886	0.002886002886002886	0.002886002886002886	0.004329004329004329	0.002886002886002886	0.001443001443001443	0.001443001443001443	0.001443001443001443	0.0	0.0	0.001443001443001443	0.0	0.0	0.0	0.0	0.0	0.0	0.0	0.012987012987012988	0.0	0.0	0.0	0.002886002886002886	0.0	0.0	0.001443001443001443	0.0	0.0	0.002886002886002886	0.004329004329004329	0.0	0.002886002886002886	0.002886002886002886	0.0	0.0	0.0	0.0	0.0	0.0	0.0	0.0	0.002886002886002886	0.0	0.0	0.0	0.0	0.0	0.0	0.0	0.0	0.0	0.0	0.0	0.0	0.0	0.001443001443001443	0.0	0.0	0.0	0.0	0.0	0.0	0.0	0.0	0.0	0.0	0.0	0.0	0.0	0.0	0.0	0.0	0.0	0.0	0.0	0.0	0.0	0.0	0.0	0.0	0.0	0.0	0.0	0.0	0.0	0.0	0.0	0.0	0.0	0.0	0.0	0.0	0.0	0.0	0.0	0.0	0.0	0.0	0.0	0.0	0.0	0.0	0.0	0.0	0.0	0.0	0.0	0.0	0.0	0.0	0.0	0.0	0.0	0.0	0.0	0.0	0.0	0.0	0.0	0.0	0.0	0.0	0.0
S5U202009a	0.17875647668393801	0.1580310880829017	0.16062176165803121	0.023316062176165806	0.08031088082901557	0.015544041450777198	0.05569948186528494	0.09196891191709848	0.006476683937823835	0.02849740932642488	0.0155440414507772	0.0051813471502590676	0.024611398963730574	0.0116580310880829	0.01295336787564767	0.032383419689119175	0.010362694300518135	0.0038860103626943004	0.014248704663212434	0.0038860103626943004	0.0025906735751295338	0.0038860103626943004	0.0	0.0025906735751295338	0.0025906735751295338	0.0025906735751295338	0.0012953367875647669	0.0	0.0	0.0051813471502590676	0.009067357512953367	0.0038860103626943004	0.0	0.0	0.0038860103626943004	0.0012953367875647669	0.0	0.0038860103626943004	0.0012953367875647669	0.0012953367875647669	0.0	0.0012953367875647669	0.0012953367875647669	0.0038860103626943004	0.0	0.0012953367875647669	0.0	0.0025906735751295338	0.0	0.0	0.0012953367875647669	0.0	0.0012953367875647669	0.0	0.0	0.0012953367875647669	0.0	0.0012953367875647669	0.0	0.0	0.0	0.0	0.0	0.0	0.0	0.0	0.0	0.0	0.0	0.0025906735751295338	0.0025906735751295338	0.0	0.0	0.0	0.0	0.0	0.0	0.0	0.0	0.0	0.0	0.0	0.0	0.0	0.0	0.0	0.0	0.0	0.0	0.0	0.0	0.0	0.0	0.0	0.0	0.0	0.0	0.0	0.0	0.0	0.0	0.0	0.0	0.0	0.0	0.0	0.0	0.0	0.0	0.0	0.0	0.0	0.0	0.0	0.0	0.0	0.0	0.0	0.0	0.0	0.0	0.0	0.0	0.0	0.0	0.0	0.0	0.0	0.0	0.0	0.0	0.0	0.0	0.0	0.0	0.0	0.0	0.0	0.0	0.0	0.0	0.0	0.0	0.0	0.0	0.0
S5U202009b	0.20135746606334834	0.16063348416289588	0.13800904977375578	0.02714932126696832	0.08371040723981905	0.015837104072398193	0.06108597285067872	0.08144796380090502	0.006787330316742082	0.03619909502262443	0.015837104072398193	0.004524886877828055	0.03619909502262443	0.020361990950226245	0.004524886877828055	0.020361990950226245	0.0022624434389140274	0.004524886877828055	0.006787330316742082	0.0	0.004524886877828055	0.0	0.0022624434389140274	0.00904977375565611	0.0	0.0	0.0	0.0022624434389140274	0.004524886877828055	0.0	0.004524886877828055	0.0022624434389140274	0.0	0.0	0.0022624434389140274	0.004524886877828055	0.0022624434389140274	0.0	0.0	0.0	0.0022624434389140274	0.0022624434389140274	0.0	0.0022624434389140274	0.0022624434389140274	0.0	0.004524886877828055	0.0022624434389140274	0.0	0.0	0.0	0.0022624434389140274	0.0	0.0022624434389140274	0.0	0.0	0.0	0.0	0.0	0.0	0.0	0.004524886877828055	0.0	0.0	0.0022624434389140274	0.0	0.0	0.0	0.0	0.0	0.004524886877828055	0.0	0.0	0.0	0.0	0.0	0.0	0.0	0.0	0.0	0.0	0.0	0.0	0.0	0.0	0.0	0.0022624434389140274	0.0	0.0	0.0	0.0	0.0	0.0	0.0	0.0	0.0	0.0	0.0	0.0	0.0	0.0	0.0	0.0	0.0	0.0	0.0	0.0	0.0	0.0	0.0	0.0	0.0	0.0	0.0	0.0	0.0	0.0	0.0	0.0	0.0	0.0	0.0	0.0	0.0	0.0	0.0	0.0	0.0	0.0	0.0	0.0	0.0	0.0	0.0	0.0	0.0	0.0	0.0	0.0	0.0	0.0	0.0	0.0	0.0	0.0	0.0
S6S202009a	0.16136539953452259	0.1189552624773728	0.13964313421256783	0.09438841479182844	0.05870183604861652	0.009568140677527797	0.043703129040599975	0.03853116110680117	0.03465218515645204	0.03335919317300234	0.02637703646237392	0.035945177139901724	0.025084044478924216	0.024308249288854392	0.018877682958365657	0.016550297388156193	0.016033100594776303	0.0051719679337988095	0.008533747090768037	0.00517196793379881	0.0056891647271786906	0.007757951900698215	0.0036203775536591673	0.006723558313938454	0.0064649599172485125	0.005947763123868632	0.001034393586759762	0.0007757951900698216	0.0036203775536591673	0.0036203775536591673	0.0036203775536591673	0.003878975950349108	0.001034393586759762	0.0015515903801396431	0.0007757951900698216	0.001034393586759762	0.008275148694078097	0.0012929919834497026	0.0	0.0012929919834497026	0.0002585983966899405	0.002068787173519524	0.0015515903801396431	0.001034393586759762	0.0007757951900698216	0.0018101887768295836	0.0	0.000517196793379881	0.0007757951900698216	0.0	0.0007757951900698216	0.0	0.001034393586759762	0.0	0.0	0.0002585983966899405	0.000517196793379881	0.0	0.0	0.0007757951900698216	0.0002585983966899405	0.000517196793379881	0.0	0.0	0.0	0.0	0.0	0.0	0.0	0.0	0.0	0.0	0.0	0.0	0.000517196793379881	0.0002585983966899405	0.0	0.0	0.000517196793379881	0.0	0.0007757951900698216	0.0	0.000517196793379881	0.0	0.0	0.0002585983966899405	0.0002585983966899405	0.0002585983966899405	0.0	0.0	0.0	0.0	0.0	0.0	0.0	0.0	0.0	0.0	0.0	0.0	0.0	0.0	0.0	0.0	0.0	0.0	0.0	0.0	0.0	0.0	0.0	0.0007757951900698216	0.0	0.0	0.0	0.0	0.0	0.0	0.0	0.0	0.0	0.0	0.0	0.0	0.0	0.0	0.0	0.0	0.0	0.0	0.0	0.0	0.0	0.0	0.0	0.0	0.0	0.0	0.0	0.0	0.0	0.0	0.0	0.0	0.0	0.0
S6S202009b	0.1696195935383007	0.14265242313705037	0.13678999478895248	0.07595101615424692	0.06331422615945805	0.018368942157373617	0.044815007816571134	0.035174570088587834	0.026836894215737324	0.0363470557582074	0.02905158936946323	0.03439291297550808	0.021495570609692524	0.01784783741532046	0.013809275664408545	0.011203751954142784	0.015242313705054704	0.008858780614903595	0.009770713913496609	0.0020844189682126106	0.0059927045336112565	0.009379885356956745	0.004689942678478375	0.0054715997915581035	0.005211047420531528	0.00781657113079729	0.0018238665971860343	0.0011724856696195933	0.000781657113079729	0.00286607608129234	0.0022146951537258992	0.0035174570088587808	0.001693590411672746	0.0015633142261594578	0.0019541427826993227	0.001563314226159458	0.005080771235018239	0.002996352266805628	0.0002605523710265763	0.0	0.00013027618551328816	0.003908285565398645	0.00013027618551328816	0.000911933298593017	0.0005211047420531526	0.0013027618551328815	0.0005211047420531526	0.0010422094841063053	0.0002605523710265763	0.0002605523710265763	0.0006513809275664408	0.0003908285565398645	0.0003908285565398645	0.00013027618551328816	0.0002605523710265763	0.0	0.0	0.0	0.0	0.0	0.0009119332985930171	0.0002605523710265763	0.0	0.00013027618551328816	0.0	0.0	0.00013027618551328816	0.0	0.00013027618551328816	0.0	0.0	0.000781657113079729	0.0	0.00013027618551328816	0.0002605523710265763	0.00013027618551328816	0.0	0.0	0.0002605523710265763	0.0010422094841063053	0.0014330380406461698	0.0	0.0003908285565398645	0.000781657113079729	0.0	0.0	0.0002605523710265763	0.00013027618551328816	0.0005211047420531526	0.0	0.0	0.000781657113079729	0.0002605523710265763	0.0	0.0	0.0	0.0	0.0	0.0003908285565398645	0.0	0.0	0.0	0.0	0.0	0.00013027618551328816	0.0	0.0	0.0002605523710265763	0.0	0.0	0.0	0.0	0.0	0.0	0.0	0.0	0.0	0.0	0.0	0.0	0.0	0.0	0.0	0.0	0.0	0.0	0.0	0.0	0.0	0.0	0.0	0.0	0.0	0.0	0.0	0.0	0.0	0.0	0.0	0.0	0.0	0.0	0.0	0.0	0.0	0.0
S6U202009a	0.21062355658198534	0.09561200923787498	0.12286374133949164	0.04018475750577369	0.09099307159353333	0.02078521939953811	0.05311778290993075	0.06789838337182441	0.02401847575057738	0.02540415704387992	0.02309468822170902	0.006004618937644342	0.025404157043879914	0.01662817551963049	0.02540415704387991	0.021247113163972292	0.016166281755196313	0.006928406466512705	0.007852193995381066	0.004618937644341802	0.003695150115473441	0.006466512702078523	0.004618937644341802	0.009237875288683606	0.004618937644341802	0.006466512702078523	0.0055427251732101624	0.0023094688221709007	0.0023094688221709007	0.004618937644341802	0.0064665127020785244	0.0018475750577367205	0.0	0.0013856812933025404	0.0023094688221709007	0.0009237875288683603	0.0018475750577367205	0.0013856812933025404	0.0018475750577367205	0.0009237875288683603	0.0009237875288683603	0.0009237875288683603	0.00046189376443418013	0.0	0.002771362586605081	0.0	0.0018475750577367205	0.0	0.00046189376443418013	0.0009237875288683603	0.0023094688221709007	0.0	0.0009237875288683603	0.00046189376443418013	0.0009237875288683603	0.00046189376443418013	0.00046189376443418013	0.00046189376443418013	0.00046189376443418013	0.0009237875288683603	0.00046189376443418013	0.00046189376443418013	0.0	0.0009237875288683603	0.00046189376443418013	0.0013856812933025404	0.0	0.0	0.0013856812933025404	0.00046189376443418013	0.0	0.00046189376443418013	0.0	0.00046189376443418013	0.0	0.0013856812933025404	0.0	0.0	0.00046189376443418013	0.0	0.0	0.0	0.0	0.00046189376443418013	0.0	0.0	0.00046189376443418013	0.0	0.0	0.0009237875288683603	0.00046189376443418013	0.0	0.0	0.0	0.0	0.0	0.0	0.0	0.0	0.0	0.0	0.0	0.0	0.0	0.0	0.0	0.0	0.0	0.0	0.0	0.0	0.0	0.0	0.0	0.0	0.0	0.0	0.0	0.0	0.0	0.0	0.0	0.0	0.0	0.0	0.0	0.0	0.0	0.0	0.0	0.0	0.0	0.0	0.0	0.0	0.0	0.0	0.0	0.0	0.0	0.0	0.0	0.0	0.0	0.0	0.0
S6U202009b	0.189723320158103	0.09881422924901176	0.10671936758893277	0.04084321475625822	0.0988142292490118	0.019762845849802375	0.06455862977602103	0.07246376811594199	0.026350461133069835	0.026350461133069835	0.018445322793148883	0.009222661396574442	0.030303030303030307	0.025032938076416343	0.01844532279314888	0.022397891963109356	0.01449275362318841	0.00790513833992095	0.010540184453227932	0.005270092226613966	0.003952569169960474	0.006587615283267458	0.003952569169960474	0.009222661396574442	0.006587615283267458	0.002635046113306983	0.002635046113306983	0.006587615283267458	0.0	0.005270092226613966	0.002635046113306983	0.003952569169960474	0.003952569169960474	0.002635046113306983	0.002635046113306983	0.002635046113306983	0.0	0.002635046113306983	0.0	0.005270092226613966	0.0	0.0	0.0	0.0013175230566534915	0.0	0.0	0.0	0.003952569169960474	0.0	0.0	0.0	0.0	0.0	0.002635046113306983	0.0	0.0	0.0013175230566534915	0.0	0.0	0.0013175230566534915	0.0	0.0	0.0	0.0013175230566534915	0.0013175230566534915	0.0	0.0	0.0	0.0	0.0	0.0	0.0013175230566534915	0.0	0.0	0.0	0.0	0.0	0.0	0.0	0.0	0.0	0.0	0.0	0.0	0.0	0.0	0.0	0.0	0.0013175230566534915	0.002635046113306983	0.0	0.0	0.0	0.0	0.0	0.0	0.0	0.0013175230566534915	0.0	0.0	0.0	0.0	0.0	0.0	0.0	0.0	0.0	0.0	0.0	0.0	0.0	0.0	0.0	0.0	0.0	0.0	0.0	0.0	0.0	0.0	0.0	0.0	0.0	0.0	0.0	0.0	0.0	0.0	0.0	0.0	0.0	0.0	0.0	0.0	0.0	0.0	0.0	0.0	0.0	0.0	0.0	0.0	0.0	0.0	0.0	0.0
S7S202009a	0.1601601601601604	0.1951951951951954	0.15515515515515527	0.06106106106106102	0.029029029029029027	0.009009009009009009	0.046046046046046014	0.026026026026026022	0.02502502502502501	0.05105105105105105	0.020020020020020013	0.08208208208208212	0.008008008008008008	0.01001001001001001	0.008008008008008008	0.007007007007007007	0.011011011011011011	0.006006006006006006	0.009009009009009009	0.003003003003003003	0.014014014014014014	0.006006006006006006	0.002002002002002002	0.009009009009009009	0.006006006006006006	0.005005005005005005	0.004004004004004004	0.002002002002002002	0.0	0.0	0.0	0.003003003003003003	0.001001001001001001	0.0	0.004004004004004004	0.0	0.002002002002002002	0.0	0.001001001001001001	0.001001001001001001	0.0	0.002002002002002002	0.0	0.005005005005005005	0.0	0.003003003003003003	0.0	0.0	0.001001001001001001	0.0	0.0	0.0	0.001001001001001001	0.0	0.0	0.0	0.0	0.002002002002002002	0.002002002002002002	0.0	0.0	0.0	0.0	0.0	0.0	0.0	0.0	0.0	0.0	0.0	0.0	0.0	0.0	0.001001001001001001	0.0	0.0	0.0	0.0	0.0	0.0	0.0	0.0	0.001001001001001001	0.0	0.0	0.0	0.0	0.0	0.0	0.0	0.0	0.0	0.0	0.0	0.0	0.0	0.0	0.0	0.0	0.0	0.0	0.0	0.0	0.0	0.0	0.0	0.0	0.0	0.0	0.0	0.0	0.0	0.0	0.0	0.0	0.0	0.0	0.0	0.0	0.0	0.0	0.0	0.0	0.0	0.0	0.0	0.0	0.0	0.0	0.0	0.0	0.0	0.0	0.0	0.0	0.0	0.0	0.0	0.0	0.0	0.0	0.0	0.0	0.0	0.0	0.0
S7S202009b	0.1583248212461698	0.14096016343207374	0.18283963227783473	0.046986721144024524	0.05311542390194074	0.009193054136874362	0.06128702757916238	0.019407558733401435	0.03166496424923392	0.050051072522982624	0.014300306435137895	0.07456588355464766	0.01634320735444331	0.0071501532175689475	0.009193054136874362	0.01634320735444331	0.012257405515832482	0.005107252298263534	0.011235955056179775	0.005107252298263534	0.010214504596527068	0.0040858018386108275	0.007150153217568948	0.0040858018386108275	0.008171603677221655	0.0010214504596527069	0.0010214504596527069	0.005107252298263534	0.0	0.0010214504596527069	0.0010214504596527069	0.0010214504596527069	0.0020429009193054137	0.0	0.0010214504596527069	0.0040858018386108275	0.0010214504596527069	0.0	0.0	0.0020429009193054137	0.0040858018386108275	0.0	0.0	0.0010214504596527069	0.0	0.005107252298263534	0.0	0.0010214504596527069	0.0	0.0	0.0	0.0	0.0	0.0010214504596527069	0.0	0.0	0.0	0.0030643513789581204	0.0010214504596527069	0.0	0.0	0.0	0.0	0.0	0.0	0.0	0.0	0.0	0.0	0.0	0.0	0.0	0.0	0.0	0.0	0.0	0.0	0.0010214504596527069	0.0	0.0	0.0	0.0	0.0	0.0	0.0	0.0	0.0	0.0010214504596527069	0.0	0.0	0.0020429009193054137	0.0	0.0	0.0	0.0	0.0	0.0	0.0	0.0	0.0	0.0	0.0	0.0	0.0	0.0	0.0	0.0	0.0	0.0	0.0	0.0	0.0	0.0	0.0	0.0	0.0	0.0	0.0	0.0	0.0	0.0	0.0	0.0	0.0	0.0	0.0	0.0	0.0	0.0	0.0	0.0	0.0	0.0	0.0	0.0	0.0	0.0	0.0	0.0	0.0	0.0	0.0	0.0	0.0	0.0	0.0
S7U202009a	0.27484472049689346	0.14557453416149013	0.08656832298136631	0.04211956521739126	0.06793478260869555	0.008928571428571432	0.06968167701863316	0.029503105590062126	0.023874223602484493	0.0353260869565217	0.019798136645962746	0.0064052795031055935	0.020768633540372686	0.013781055900621127	0.021933229813664596	0.019409937888198763	0.013198757763975166	0.004658385093167702	0.011451863354037277	0.0023291925465838506	0.0029114906832298135	0.003493788819875776	0.005240683229813667	0.00892857142857143	0.005434782608695654	0.005434782608695653	0.004076086956521738	0.004076086956521739	0.0031055900621118006	0.003493788819875776	0.0019409937888198755	0.004658385093167702	0.0	0.0011645962732919253	0.0015527950310559005	0.001358695652173913	0.001746894409937888	0.001358695652173913	0.0007763975155279503	0.0007763975155279503	0.0007763975155279503	0.0007763975155279503	0.0005822981366459627	0.0009704968944099378	0.0011645962732919253	0.0009704968944099378	0.0009704968944099379	0.002135093167701863	0.00019409937888198756	0.0005822981366459627	0.0009704968944099378	0.0005822981366459627	0.00019409937888198756	0.0	0.00038819875776397513	0.00038819875776397513	0.00019409937888198756	0.00038819875776397513	0.00019409937888198756	0.00038819875776397513	0.0	0.00019409937888198756	0.00038819875776397513	0.00038819875776397513	0.0005822981366459627	0.00019409937888198756	0.0007763975155279503	0.0	0.0	0.00038819875776397513	0.0	0.0005822981366459627	0.0	0.00038819875776397513	0.00019409937888198756	0.00019409937888198756	0.0005822981366459627	0.00019409937888198756	0.00019409937888198756	0.00019409937888198756	0.00019409937888198756	0.0	0.0	0.00038819875776397513	0.0	0.0	0.0	0.0	0.0	0.0	0.0	0.0	0.0005822981366459627	0.0	0.0	0.0	0.0	0.0	0.00019409937888198756	0.0	0.0	0.0005822981366459627	0.0	0.0	0.0	0.00019409937888198756	0.0	0.0	0.0	0.0	0.0	0.0	0.0	0.0	0.0	0.0	0.0	0.0	0.0	0.0	0.0	0.0	0.0	0.0	0.0	0.0	0.0	0.0	0.0	0.0	0.0	0.0	0.0	0.0	0.0	0.0	0.0	0.0	0.0	0.0	0.0	0.0	0.0	0.0	0.0	0.0
S7U202009b	0.26120358514724723	0.135723431498079	0.09645753307725137	0.0373452838241571	0.07767819035424663	0.009603072983354678	0.0746905676483141	0.03371745625266754	0.019846350832266317	0.03627827571489543	0.01856594110115236	0.006615450277422106	0.02731540759709771	0.013657703798548877	0.017498932991890735	0.018352539479300038	0.01472471190781051	0.006615450277422106	0.01067008109261631	0.0014938113529662826	0.0038412291933418692	0.003627827571489543	0.005548442168160477	0.007255655142979085	0.004268032437046521	0.004054630815194195	0.0038412291933418684	0.002347417840375587	0.002134016218523261	0.0051216389244558265	0.004268032437046521	0.005121638924455825	0.0002134016218523261	0.001707212974818609	0.0008536064874093043	0.0017072129748186087	0.0010670081092616305	0.0008536064874093043	0.0008536064874093043	0.0014938113529662828	0.0014938113529662826	0.0008536064874093043	0.0004268032437046522	0.0008536064874093043	0.0014938113529662828	0.0004268032437046522	0.0012804097311139564	0.001920614596670935	0.0	0.0010670081092616305	0.0	0.0004268032437046522	0.0002134016218523261	0.0006402048655569782	0.0010670081092616305	0.0010670081092616305	0.0006402048655569782	0.0002134016218523261	0.0	0.0002134016218523261	0.0006402048655569782	0.0006402048655569782	0.0008536064874093043	0.0004268032437046522	0.0	0.0	0.0006402048655569782	0.0	0.0004268032437046522	0.0004268032437046522	0.0	0.0006402048655569782	0.0	0.0002134016218523261	0.0	0.0	0.0	0.0002134016218523261	0.0	0.0	0.0	0.0	0.0	0.0006402048655569782	0.0002134016218523261	0.0004268032437046522	0.0	0.0002134016218523261	0.0	0.0004268032437046522	0.0	0.0002134016218523261	0.0	0.0	0.0	0.0	0.0	0.0	0.0	0.0	0.0	0.0	0.0	0.0	0.0	0.0	0.0	0.0002134016218523261	0.0	0.0	0.0	0.0	0.0	0.0	0.0	0.0	0.0	0.0	0.0	0.0	0.0	0.0	0.0	0.0	0.0	0.0	0.0	0.0	0.0	0.0	0.0	0.0	0.0	0.0	0.0	0.0	0.0	0.0	0.0	0.0	0.0	0.0	0.0	0.0	0.0	0.0
S8S202009a	0.20332235035694618	0.16364634816035092	0.14744645799011513	0.06260296540362438	0.04667764964305327	0.02114222954420647	0.05052169137836358	0.015101592531576061	0.033086216364634824	0.04365733113673807	0.027594728171334418	0.036518396485447545	0.013454146073585945	0.01798462383305875	0.011943986820428337	0.006177924217462932	0.012218561230093359	0.011394838001098296	0.005216913783635364	0.0030203185063152112	0.00672707303679297	0.0060406370126304225	0.005766062602965402	0.004942339373970346	0.004530477759472817	0.004805052169137836	0.0031576057111477214	0.002059308072487644	0.0021965952773201542	0.0023338824821526635	0.0012355848434925866	0.002059308072487644	0.0015101592531576058	0.001784733662822625	0.0	0.001784733662822625	0.001784733662822625	0.0009610104338275673	0.0008237232289950577	0.0002745744096650192	0.0001372872048325096	0.002196595277320154	0.0	0.0012355848434925866	0.0002745744096650192	0.001098297638660077	0.0001372872048325096	0.0001372872048325096	0.0	0.0001372872048325096	0.0005491488193300384	0.0	0.001098297638660077	0.0001372872048325096	0.0	0.0	0.0001372872048325096	0.0	0.0009610104338275673	0.0	0.0005491488193300384	0.0	0.0	0.0	0.0	0.0	0.0	0.0001372872048325096	0.0	0.0	0.0001372872048325096	0.0002745744096650192	0.0005491488193300384	0.0	0.0	0.0001372872048325096	0.0	0.0	0.0008237232289950577	0.0	0.0	0.0	0.0	0.0002745744096650192	0.0	0.0	0.0005491488193300384	0.0	0.0	0.0	0.0008237232289950577	0.0	0.0	0.0	0.0	0.0	0.0	0.0	0.0	0.0	0.0	0.0	0.0	0.0	0.0	0.0	0.0	0.0	0.0	0.0	0.0	0.0	0.0	0.0	0.0	0.0	0.0	0.0	0.0	0.0	0.0	0.0	0.0	0.0	0.0	0.0	0.0	0.0	0.0	0.0	0.0	0.0	0.0	0.0	0.0	0.0	0.0	0.0	0.0	0.0	0.0	0.0	0.0	0.0	0.0	0.0
S8S202009b	0.20551290997906513	0.17236566643405457	0.11688764829030002	0.059665038381018894	0.05757152826238662	0.018143754361479417	0.05478018143754367	0.018143754361479414	0.024424284717376156	0.048150732728541576	0.02651779483600839	0.046057222609909305	0.011863224005582691	0.015352407536636423	0.00942079553384508	0.007676203768318212	0.013258897418004185	0.0104675505931612	0.0045359385903698535	0.0017445917655268667	0.0024424284717376133	0.0045359385903698535	0.0045359385903698535	0.006629448709002093	0.0031402651779483598	0.0052337752965806	0.002442428471737613	0.0052337752965806	0.0006978367062107466	0.0024424284717376133	0.0013956734124214933	0.0024424284717376133	0.00209351011863224	0.0003489183531053733	0.0017445917655268665	0.0020935101186322397	0.0017445917655268665	0.0	0.0006978367062107466	0.00104675505931612	0.0	0.00418702023726448	0.0006978367062107466	0.0	0.0	0.0003489183531053733	0.0	0.0034891835310537334	0.0	0.0024424284717376133	0.0017445917655268665	0.0	0.00104675505931612	0.0	0.0	0.0006978367062107466	0.0013956734124214933	0.0006978367062107466	0.0	0.0013956734124214933	0.0006978367062107466	0.0013956734124214933	0.0	0.0	0.0	0.0006978367062107466	0.0006978367062107466	0.0003489183531053733	0.00104675505931612	0.0	0.0	0.0	0.0	0.0	0.0	0.0	0.0	0.00104675505931612	0.0	0.0	0.0	0.0	0.0	0.0	0.0	0.0006978367062107466	0.0	0.0	0.0	0.0	0.0	0.0	0.0003489183531053733	0.0	0.0	0.0	0.0	0.0	0.0	0.0013956734124214933	0.0	0.0	0.0	0.0	0.0	0.0	0.0	0.0	0.0	0.0	0.0	0.0	0.0	0.0	0.0	0.0	0.0	0.0	0.0	0.0	0.0	0.0	0.0	0.0	0.0	0.0	0.0	0.0	0.0	0.0	0.0	0.0	0.0	0.0	0.0	0.0	0.0	0.0	0.0	0.0	0.0	0.0	0.0	0.0	0.0	0.0
S8U202009a	0.22723658051690054	0.11550695825049694	0.09900596421471167	0.04413518886679918	0.09562624254473158	0.010337972166998012	0.07753479125248502	0.03638170974155068	0.022067594433399586	0.03200795228628229	0.020079522862823055	0.008548707753479124	0.028230616302186866	0.018687872763419475	0.020874751491053677	0.01968190854870775	0.01809145129224651	0.008548707753479124	0.009542743538767393	0.0025844930417495034	0.0031809145129224657	0.00536779324055666	0.0067594433399602374	0.008946322067594431	0.0073558648111332	0.004771371769383698	0.002783300198807158	0.002584493041749504	0.0011928429423459245	0.0055666003976143135	0.004970178926441352	0.0023856858846918495	0.0	0.0013916500994035786	0.0005964214711729623	0.0027833001988071576	0.0009940357852882705	0.0007952286282306163	0.0007952286282306163	0.0005964214711729623	0.0009940357852882705	0.00019880715705765408	0.0	0.0007952286282306163	0.0011928429423459245	0.0009940357852882705	0.0009940357852882705	0.0015904572564612327	0.0005964214711729623	0.0007952286282306163	0.0007952286282306163	0.00019880715705765408	0.00019880715705765408	0.0011928429423459245	0.0	0.0013916500994035786	0.0009940357852882705	0.00039761431411530816	0.00019880715705765408	0.0011928429423459245	0.00039761431411530816	0.00019880715705765408	0.00019880715705765408	0.0005964214711729623	0.00039761431411530816	0.00039761431411530816	0.00019880715705765408	0.0	0.00019880715705765408	0.00019880715705765408	0.0	0.0	0.0005964214711729623	0.0	0.0	0.0	0.0	0.00039761431411530816	0.0	0.0	0.00019880715705765408	0.0	0.00039761431411530816	0.00039761431411530816	0.0	0.0	0.00019880715705765408	0.00019880715705765408	0.0	0.0	0.00019880715705765408	0.00019880715705765408	0.0	0.0	0.0	0.00019880715705765408	0.0	0.0	0.0	0.00019880715705765408	0.0	0.0	0.0	0.0	0.00019880715705765408	0.0	0.0	0.0	0.0	0.0	0.0005964214711729623	0.0	0.0	0.0	0.0	0.0	0.0	0.0	0.0	0.0	0.0	0.0	0.0	0.0	0.0	0.0	0.0	0.0	0.0	0.0	0.0	0.0	0.0	0.0	0.0	0.0	0.0	0.0	0.0	0.0	0.0	0.0	0.0	0.0	0.0	0.0
S8U202009b	0.2305630026809643	0.11890080428954337	0.0914209115281499	0.05120643431635395	0.08994638069705074	0.01568364611260053	0.07278820375335109	0.03418230563002685	0.030160857908847233	0.034316353887399544	0.024128686327077795	0.009517426273458437	0.029758713136729287	0.012332439678284174	0.016487935656836462	0.016890080428954426	0.018632707774798942	0.008042895442359244	0.008981233243967823	0.002412868632707775	0.00482573726541555	0.004289544235924933	0.004959785522788204	0.010455764075067023	0.005898123324396783	0.004423592493297588	0.0021447721179624667	0.0026809651474530836	0.000938337801608579	0.003351206434316355	0.003217158176943701	0.00415549597855228	0.0004021447721179625	0.001742627345844504	0.002144772117962467	0.002278820375335121	0.0010723860589812331	0.0009383378016085792	0.0009383378016085791	0.0010723860589812334	0.0010723860589812331	0.00026809651474530834	0.0010723860589812334	0.0004021447721179625	0.0008042895442359249	0.00013404825737265417	0.0009383378016085791	0.002412868632707776	0.0006702412868632708	0.0012064343163538872	0.0010723860589812334	0.0	0.00026809651474530834	0.0012064343163538875	0.0005361930294906167	0.0008042895442359249	0.00026809651474530834	0.00040214477211796245	0.0	0.0014745308310991957	0.00026809651474530834	0.0	0.0	0.0006702412868632708	0.0	0.0005361930294906167	0.00026809651474530834	0.0	0.00026809651474530834	0.0008042895442359249	0.00013404825737265417	0.00026809651474530834	0.0005361930294906167	0.00013404825737265417	0.0	0.00013404825737265417	0.0006702412868632708	0.0005361930294906167	0.0	0.0	0.0	0.0	0.0	0.00026809651474530834	0.0	0.00026809651474530834	0.0	0.00026809651474530834	0.0	0.0	0.0	0.0	0.00013404825737265417	0.0	0.00026809651474530834	0.0	0.0	0.0	0.0	0.0	0.0	0.0	0.0	0.0	0.00013404825737265417	0.0	0.0	0.0	0.00013404825737265417	0.0	0.0	0.0	0.0	0.0	0.0	0.0	0.0	0.0	0.0	0.0	0.0	0.0	0.0	0.0	0.0	0.0	0.0	0.0	0.0	0.0	0.0	0.0	0.0	0.0	0.0	0.0	0.0	0.0	0.0	0.0	0.0	0.0	0.0	0.0	0.0	0.0
soils1202009a	0.1791409377756623	0.06141005632082519	0.07979914500916069	0.09024903304607458	0.05387799416434826	0.13768066770712983	0.03806744927732922	0.04729592182940899	0.06995996471466383	0.015606975639546734	0.02809255615118411	0.01676053470855671	0.020085499083938405	0.0171676732035014	0.020899776073827786	0.007396349324828664	0.011196308610979177	0.006107077424170461	0.0022392617221958355	0.007532062156476897	0.005767795345049877	0.005564226097577527	0.004410667028567554	0.0024428309696681826	0.0025785438013164147	0.0024428309696681826	0.0036642464545022764	0.0046142362760399035	0.006378503087466923	0.00515708760263283	0.0033928207912058096	0.004817805523512253	0.004682092691864019	0.004071384949446974	0.0013571283164823238	0.002374974553844066	0.001832123227251137	0.0006107077424170455	0.001153559069009975	0.0016964103956029052	0.0006785641582411617	0.0002714256632964647	0.0023071181380199517	0.0009499898215376264	0.0010178462373617424	0.0010857026531858587	0.0006785641582411617	6.785641582411617e-05	0.0009499898215376264	0.0009499898215376264	0.000814276989889394	0.000407138494944697	0.0009499898215376264	0.0006785641582411617	0.0007464205740652779	0.0002714256632964647	0.0002714256632964647	0.0002714256632964647	0.00033928207912058085	0.0	0.0012892719006582076	0.00033928207912058085	6.785641582411617e-05	0.0002714256632964647	0.0002035692474723485	0.0002035692474723485	0.00013571283164823234	0.00013571283164823234	0.0006785641582411617	0.00013571283164823234	0.00013571283164823234	0.00013571283164823234	0.0002714256632964647	0.00013571283164823234	0.00033928207912058085	0.00013571283164823234	6.785641582411617e-05	0.0	6.785641582411617e-05	0.00013571283164823234	0.0	0.0	0.0	0.0	0.0005428513265929294	0.00013571283164823234	0.00013571283164823234	6.785641582411617e-05	6.785641582411617e-05	6.785641582411617e-05	0.0	0.0	0.0	0.0	6.785641582411617e-05	6.785641582411617e-05	0.0	6.785641582411617e-05	6.785641582411617e-05	0.0	6.785641582411617e-05	6.785641582411617e-05	6.785641582411617e-05	0.0	6.785641582411617e-05	6.785641582411617e-05	6.785641582411617e-05	0.0	0.0	0.0	0.0	0.0	0.0	0.0	0.0	0.0	0.0	0.0	0.0	0.0	0.0	0.0	6.785641582411617e-05	0.0	0.0	6.785641582411617e-05	0.0	0.0	0.0	0.0	0.0	0.0	0.0	0.0	0.0	0.0	0.0	0.0	0.0	0.0	0.0	0.0	0.0	0.0	0.0	0.0
soils1202009b	0.186922989248126	0.06375137722730911	0.07233767713992556	0.0957410432734309	0.049542190646252184	0.12985828805896318	0.038068462444436346	0.038980281904183005	0.07883439079062249	0.016032825500550872	0.02792447095475105	0.0191862011321759	0.020211998024391286	0.016982637437787346	0.020325975456859553	0.008168382660233271	0.01116978838190036	0.0041031875688613655	0.002773450856730368	0.007902435317807077	0.0065347061281866275	0.004749059686182138	0.005204969416055629	0.0027734508567303674	0.00273545837924091	0.0026214809467725395	0.003039398199156567	0.004977014551118886	0.00801641275027545	0.0033433380190722234	0.003305345541582766	0.00402720261388245	0.0037232627939667922	0.004369134911287567	0.0014057216671099124	0.0022795486493674254	0.002089586261920141	0.0006838645948102276	0.0009878044147258844	0.0016336765320466554	0.0006458721173207705	0.00045590972987348506	0.002279548649367426	0.0009498119372364272	0.0017096614870255708	0.0006078796398313134	0.0019376163519623116	0.0003039398199156567	0.00117776680217317	0.0007978420272785989	0.000417917252384028	0.0005318946848523993	0.0006458721173207705	0.0003799247748945709	0.0005698871623418564	0.0003039398199156567	0.0009118194597469701	0.0003419322974051138	0.0003039398199156567	0.00015196990995782836	0.0005318946848523993	0.00026594734242619964	0.00026594734242619964	0.000417917252384028	0.00026594734242619964	0.00022795486493674253	0.0003799247748945709	7.598495497891418e-05	0.0005318946848523993	0.00026594734242619964	7.598495497891418e-05	0.00015196990995782836	0.00015196990995782836	0.00022795486493674253	0.00018996238744728544	7.598495497891418e-05	0.000417917252384028	0.00015196990995782836	0.00018996238744728547	0.00022795486493674253	0.00015196990995782836	0.0	3.799247748945709e-05	0.00011397743246837128	0.0003039398199156567	0.00015196990995782836	0.0	3.799247748945709e-05	0.00011397743246837128	3.799247748945709e-05	3.799247748945709e-05	0.00011397743246837128	0.0	0.0	0.00018996238744728544	3.799247748945709e-05	0.0	0.0	0.0	0.0	7.598495497891418e-05	0.00015196990995782836	7.598495497891418e-05	3.799247748945709e-05	7.598495497891418e-05	7.598495497891418e-05	3.799247748945709e-05	0.0	0.0	3.799247748945709e-05	7.598495497891418e-05	0.0	3.799247748945709e-05	0.0	0.0	7.598495497891418e-05	0.0	0.0	0.0	3.799247748945709e-05	3.799247748945709e-05	0.0	0.0	0.0	0.0	0.0	0.0	0.0	0.0	0.0	0.0	0.0	0.0	0.0	0.0	0.0	0.0	0.0	0.0	0.0	0.0	0.0	0.0	0.0	0.0	0.0
soils2202009a	0.16295258117262038	0.051109553842559524	0.06839523475823428	0.09647278673207232	0.04942770380752139	0.19018920812894016	0.0332165381920112	0.03545900490539577	0.09067974772249514	0.017379117028731635	0.024199953281943513	0.013501518336837222	0.015977575332866204	0.01831347815930859	0.021770614342443366	0.006960990422798414	0.009296893249240849	0.005606166783461814	0.001121233356692361	0.008736276570894656	0.006400373744452238	0.003410418126605933	0.00626021957486569	0.002616211165615509	0.002803083391730903	0.0020555944872693286	0.002709647278673204	0.006540527914038785	0.0074281709880869035	0.002569493109086661	0.002102312543798177	0.001588413921980844	0.0034571361831347777	0.0030833917309039914	0.0010745153001635132	0.0016351319785096938	0.0018220042046250859	0.0002803083391730904	0.0009810791871058162	0.0008409250175192712	0.0005606166783461808	9.34361130576968e-05	0.00313010978743284	0.000700770847932726	0.002102312543798176	0.000233590282644242	0.001354823639336603	0.0002803083391730904	0.0009810791871058162	0.0008409250175192712	0.0005138986218173324	0.0001401541695865452	0.0005606166783461808	0.0003270263957019388	0.0003737444522307872	9.34361130576968e-05	0.0002803083391730904	0.000233590282644242	0.0009810791871058162	0.0001868722261153936	9.34361130576968e-05	0.0001868722261153936	0.0002803083391730904	0.0001401541695865452	9.34361130576968e-05	4.67180565288484e-05	0.0005138986218173324	0.0001401541695865452	0.0001401541695865452	0.0001401541695865452	4.67180565288484e-05	9.34361130576968e-05	0.0	0.0001401541695865452	0.000233590282644242	9.34361130576968e-05	0.0003270263957019388	4.67180565288484e-05	0.0001868722261153936	0.0001401541695865452	0.0001401541695865452	0.0	0.000233590282644242	0.0	0.0003737444522307872	0.0001401541695865452	0.0	4.67180565288484e-05	0.000233590282644242	4.67180565288484e-05	0.0	0.0	4.67180565288484e-05	0.0007474889044615744	9.34361130576968e-05	0.0	0.0	4.67180565288484e-05	4.67180565288484e-05	0.0	0.0001401541695865452	0.0	0.0	0.0	0.0	0.0	0.0	0.0	0.0	0.0	0.0	0.0	0.0	0.0	4.67180565288484e-05	0.0	4.67180565288484e-05	0.0	0.0	9.34361130576968e-05	0.0	0.0	0.0	0.0	0.0	0.0	0.0	0.0	0.0	0.0	0.0	0.0	0.0	0.0	0.0	0.0	0.0	0.0	0.0	0.0	0.0	0.0	0.0	0.0	0.0	0.0
soils2202009b	0.16799817393289684	0.046393517461766495	0.0514722666057976	0.09381419767176397	0.05352659210225961	0.20052499429354345	0.03189910979228461	0.04336909381419756	0.08171650308148785	0.018603058662405792	0.022711709655329745	0.012896598950011441	0.021741611504222668	0.015179182834969215	0.028589363159096076	0.006676557863501481	0.008845012554211362	0.005192878338278927	0.0015407441223464966	0.008787947957087422	0.005249942935402869	0.0033097466331887693	0.0059347181008902	0.0023967130792056615	0.0035380050216845477	0.001654873316594385	0.0029102944533211613	0.006676557863501475	0.009016206345583205	0.0027961652590732717	0.0026249714677014386	0.0019972608993380518	0.003709198813056382	0.002796165259073272	0.0008559689568591646	0.0011412919424788862	0.0020543254964619953	0.0003994521798676102	0.0006277105683633874	0.0006847751654873316	0.0004565167769915545	0.00011412919424788861	0.0024537776763296063	0.0006277105683633874	0.001654873316594385	0.00028532298561972154	0.0010842273453549418	0.00028532298561972154	0.001084227345354942	0.00079890435973522	0.0003994521798676102	0.00011412919424788861	0.0007418397626112759	0.0001711937913718329	0.00028532298561972154	0.0001711937913718329	0.0005706459712394431	0.0	0.0005706459712394431	0.00028532298561972154	0.00028532298561972154	0.0	0.00011412919424788861	0.00011412919424788861	0.00011412919424788861	0.00011412919424788861	0.0001711937913718329	5.7064597123944306e-05	0.00034238758274366586	0.00011412919424788861	0.0	0.0001711937913718329	5.7064597123944306e-05	0.00034238758274366586	0.0003994521798676102	0.00011412919424788861	0.0003994521798676102	0.0	0.00011412919424788861	0.00011412919424788861	5.7064597123944306e-05	0.0	0.00011412919424788861	0.00011412919424788861	0.0001711937913718329	0.0001711937913718329	0.00011412919424788861	5.7064597123944306e-05	5.7064597123944306e-05	0.0	0.00011412919424788861	0.0	0.0	0.0010271627482309974	0.0001711937913718329	0.0	0.0	5.7064597123944306e-05	0.0	0.0	0.0001711937913718329	5.7064597123944306e-05	0.0	0.00011412919424788861	0.0	0.0	0.0	0.0	0.0	0.0	5.7064597123944306e-05	0.0	5.7064597123944306e-05	0.0	0.0	5.7064597123944306e-05	0.0	0.0	0.0	0.0	0.0	0.0	0.0	0.0	0.0	0.0	0.0	0.0	0.0	0.0	5.7064597123944306e-05	5.7064597123944306e-05	0.0	0.0	0.0	0.0	0.0	0.0	0.0	0.0	0.0	0.0	0.0	0.0	0.0	0.0
soils3202009a	0.18102916743151465	0.0603587448167437	0.07255380936916336	0.09080639923186984	0.0644112151292239	0.1272268583235718	0.03587918837632836	0.053915269952885585	0.07167836282082445	0.017650132022987364	0.025689178821724074	0.011809114998846792	0.018878581211787114	0.018567938888182735	0.028146077199324087	0.008457943265415619	0.008029633394991135	0.005323279818133074	0.0030358227079538397	0.008632091234709092	0.005709229371702385	0.005761003092303139	0.006405821248876297	0.0015061445992949347	0.0029369819686251237	0.002621632943147747	0.0027910742105684183	0.006208139770218851	0.006725876976226459	0.0038971491506756433	0.003332344925940042	0.0033511717334312107	0.003341758329685626	0.0034641325783783374	0.001143728555089591	0.0021180158427585027	0.0015673317236412892	0.0009648738839233186	0.0011154883438528108	0.0022639236008151972	0.0005036171003892444	0.000334175832968564	0.0030593562173178313	0.0008095527221210289	0.001868560643500276	0.0004518433797884808	0.0015343848105317148	0.0002729887086222072	0.0008989800577041651	0.000842499635230606	0.0005977511378451781	0.0002447484973854271	0.0005271506097532278	0.0001694412674206802	0.0008189661258666218	0.0003953629573149208	0.0004141897648061076	0.0002965222179861907	0.0006259913490819578	8.472063371034017e-05	0.0003624160442053442	0.0003247624292229707	0.00024004179551263033	0.00038594955356932733	0.00017885467116627365	0.00022592168989424034	0.0002776954104950038	0.0001176675468199169	0.00022121498802144362	0.0001929747767846636	8.472063371034017e-05	0.00013649435431110357	0.00020709488240305363	8.472063371034016e-05	0.0002541619011310203	9.41340374559335e-05	0.0001741479692934769	6.589382621915345e-05	0.0001176675468199169	0.00014120105618390023	7.060052809195014e-05	0.0	0.0001176675468199169	0.00010354744120152687	0.0003577093423325473	0.00013178765243830688	5.648042247356012e-05	9.413403745593353e-05	7.530722996474682e-05	2.353350936398338e-05	2.8240211236780055e-05	2.8240211236780055e-05	1.88268074911867e-05	2.824021123678005e-05	0.0001459077580566969	7.530722996474682e-05	4.706701872796675e-06	3.76536149823734e-05	4.706701872796675e-06	2.353350936398338e-05	4.706701872796676e-05	3.765361498237341e-05	4.2360316855170087e-05	8.942733558313684e-05	8.472063371034016e-05	4.7067018727966764e-05	3.765361498237341e-05	4.706701872796675e-06	4.706701872796675e-06	5.1773720600763434e-05	2.353350936398338e-05	0.0	1.88268074911867e-05	0.0	9.41340374559335e-06	9.41340374559335e-06	0.0	4.706701872796675e-06	1.88268074911867e-05	4.706701872796675e-06	0.0	4.706701872796675e-06	9.41340374559335e-06	0.0	0.0	1.88268074911867e-05	9.41340374559335e-06	4.706701872796675e-06	0.0	0.0	9.41340374559335e-06	0.0	4.706701872796675e-06	4.706701872796675e-06	0.0	0.0	4.706701872796675e-06	4.706701872796675e-06	0.0	9.41340374559335e-06	0.0	0.0	0.0	0.0	4.706701872796675e-06	4.706701872796675e-06
soils3202009b	0.17864287487404243	0.058734771159753736	0.07474361033638595	0.09427157104683011	0.0616016626997459	0.12713617491445084	0.036554083981913774	0.04876636050796103	0.07921673992085754	0.0166026605142883	0.02427853141168877	0.012908313011988274	0.019416010786132355	0.018238102886848028	0.023514351493558048	0.008629878948060088	0.009106882973389917	0.00545147457519875	0.0026235221393143965	0.00957415222269271	0.005762987408067229	0.005651037483755099	0.006541769490238468	0.0017327901328310182	0.0027598090036943506	0.0027549416156807797	0.003450978101621345	0.005787324348135085	0.0075931253011696405	0.0037770930985305392	0.003095658776630701	0.0029399023601964715	0.003431508549567068	0.003986390783114085	0.0011194992431211633	0.0021854572180930575	0.001508890284206785	0.0009102015585376417	0.0012947252116096934	0.002492102662947986	0.0004916061893705976	0.00037478887704491123	0.0025797156471922588	0.0007593125301169621	0.0020881094578216524	0.000569484397587722	0.0016062380444781912	0.00036505410101777066	0.0010513558109311798	0.0008469255143612269	0.0006132908897098547	0.0003115128328684977	0.0006570973818319865	0.00034071716094991907	0.0007641799181305332	0.00036018671300420025	0.00044293230923489506	0.00036505410101777066	0.0006863017099134091	0.00012168470033925696	0.0005062083534113079	0.00039425842909919235	0.0001606238044478192	0.00031151283286849765	0.0001557564164342489	0.00017035858047495975	0.00032124760889563826	0.0001119499243121164	0.00015088902842067865	0.0002579715647192247	6.32760441764136e-05	0.00014602164040710834	0.0002531041767056545	9.24803722578353e-05	0.00021416507259709229	0.00010708253629854613	0.0001800933565021003	3.893910410856222e-05	5.354126814927306e-05	0.00013628686437996778	8.7612984244265e-05	0.0	0.00010708253629854612	8.274559623069472e-05	0.00029204328081421647	0.00010708253629854612	6.327604417641361e-05	7.301082020355417e-05	0.00013628686437996778	3.4071716094991945e-05	2.4336940067851388e-05	6.32760441764136e-05	3.893910410856222e-05	2.9204328081421666e-05	0.00013141947636639752	3.893910410856222e-05	0.0	4.3806492122132494e-05	1.946955205428111e-05	2.9204328081421666e-05	6.814343218998389e-05	2.4336940067851388e-05	1.4602164040710831e-05	0.00011681731232568667	4.38064921221325e-05	2.9204328081421666e-05	2.9204328081421666e-05	0.0	2.4336940067851388e-05	3.4071716094991945e-05	4.38064921221325e-05	0.0	1.946955205428111e-05	0.0	4.8673880135702774e-06	4.8673880135702774e-06	0.0	1.946955205428111e-05	9.734776027140555e-06	9.734776027140555e-06	4.8673880135702774e-06	9.734776027140555e-06	4.8673880135702774e-06	0.0	4.8673880135702774e-06	2.4336940067851388e-05	9.734776027140555e-06	4.8673880135702774e-06	0.0	0.0	0.0	0.0	9.734776027140555e-06	0.0	0.0	0.0	0.0	0.0	9.734776027140555e-06	0.0	0.0	0.0	4.8673880135702774e-06	4.8673880135702774e-06	0.0	0.0
soils4202009a	0.16227091257740722	0.044355726006726846	0.06126811480305532	0.10527804847379928	0.05674137876835046	0.1609191789003785	0.02948665555939799	0.03291314325233404	0.0991480934268031	0.013140108767407484	0.030681210901889418	0.011253968752947083	0.020338876489264874	0.020558926157618545	0.02756907987802963	0.005878469711734938	0.010625255414793613	0.006287133381534706	0.0015089120115683247	0.008927729401779256	0.005532677375750535	0.004746785703058694	0.006947282386595848	0.0016660903461066924	0.0039294583634591805	0.0023262393511678347	0.003740844362013138	0.004746785703058699	0.006350004715350046	0.0024519820187985284	0.0028606456885982828	0.0020118826820910993	0.0073559460563956125	0.002923517022413629	0.0018232686806450595	0.0012888623432146112	0.0014774763446606515	0.0006287133381534688	0.0011002483417685705	0.0011945553424915906	0.0007230203388764892	3.143566690767345e-05	0.0034893590267517506	0.0008173273395995093	0.002451982018798528	0.000345792335984408	0.002043318348998774	0.00028292100216906104	0.002200496683537141	0.0008173273395995094	0.0005344063374304487	9.430700072302035e-05	0.000565842004338122	0.00015717833453836723	0.0002200496683537141	0.000345792335984408	0.0005972776712457955	6.28713338153469e-05	0.0009430700072302034	0.0004086636697997549	0.0005658420043381221	3.143566690767345e-05	0.00028292100216906104	0.0003457923359844079	0.0	0.0003143566690767345	0.00037722800289208145	0.00022004966835371414	0.0003143566690767345	6.28713338153469e-05	0.0001257426676306938	0.0002514853352613876	0.00040866366979975486	9.430700072302035e-05	0.00037722800289208145	0.00018861400144604067	0.00100594134104555	3.143566690767345e-05	0.0002514853352613876	0.00028292100216906104	0.0002200496683537141	0.0	0.00015717833453836723	6.28713338153469e-05	0.0006915846719688156	0.0002200496683537141	3.143566690767345e-05	0.00015717833453836723	6.28713338153469e-05	0.0	6.28713338153469e-05	6.28713338153469e-05	3.143566690767345e-05	0.0	0.00018861400144604067	0.0	0.0	0.0	6.28713338153469e-05	0.0	0.0004400993367074283	0.00018861400144604067	0.0	9.430700072302033e-05	0.0	0.0	0.0001257426676306938	0.0	0.0	0.0	0.0	0.0	0.0	3.143566690767345e-05	0.0	0.0	3.143566690767345e-05	0.0	3.143566690767345e-05	3.143566690767345e-05	3.143566690767345e-05	0.0	3.143566690767345e-05	0.0	0.0	0.0	0.0	0.0	0.0	0.0	0.0	0.0	0.0	0.0	3.143566690767345e-05	0.0	0.0	0.0	0.0	0.0	0.0	0.0	0.0	0.0	0.0	0.0
soils4202009b	0.1600768938674709	0.044142775773685826	0.05736187583064405	0.10805486994494105	0.05028953863679536	0.16781374596544102	0.026817922916270935	0.033012151129675475	0.10069774064932696	0.014002278336814198	0.03272735902790976	0.010845832542244211	0.02026770457565965	0.021454338333016826	0.030425289538636775	0.0050075944560470835	0.01094076324283279	0.005648376685019925	0.0017799506360356957	0.009326941332827049	0.0050313271311942225	0.004675337003987089	0.006502752990317061	0.002041010062654262	0.0025631289158913988	0.001566356559711411	0.0036785646478070984	0.004627871653692798	0.005577178659578502	0.002729257641921397	0.0030852477691285353	0.0028953863679513935	0.008164040250617044	0.0037497626732485227	0.0021122080880956896	0.0014951585342699834	0.0015663565597114123	0.0005458515283842793	0.0010917030567685591	0.0012340991076514147	0.00042718815264856637	2.3732675147142585e-05	0.0036073666223656693	0.0006407822289728495	0.002634326941332826	0.0001423960508828555	0.0027767229922156826	0.00021359407632428327	0.001613821910005696	0.0010205050313271307	0.0005695842035314219	4.746535029428517e-05	0.0005221188532371367	0.00018986140117714068	0.0001661287260299981	0.0004034554775014238	0.0007594456047085624	0.00018986140117714068	0.0009255743307385606	0.00021359407632428327	0.00030852477691285357	4.746535029428517e-05	0.00018986140117714068	9.493070058857034e-05	2.3732675147142585e-05	0.0005933168786785644	0.00018986140117714068	0.00011866337573571293	0.00030852477691285357	7.119802544142775e-05	0.00011866337573571293	7.119802544142775e-05	0.0001661287260299981	0.00030852477691285357	0.0004983861780899941	9.493070058857034e-05	0.000617049553825707	0.0	0.0001661287260299981	0.00030852477691285357	0.00011866337573571293	0.0	2.3732675147142585e-05	0.0001661287260299981	0.0007119802544142774	0.00018986140117714068	0.0001661287260299981	7.119802544142775e-05	7.119802544142775e-05	2.3732675147142585e-05	0.0	4.746535029428517e-05	0.0	7.119802544142775e-05	0.00011866337573571293	7.119802544142775e-05	2.3732675147142585e-05	2.3732675147142585e-05	0.0	4.746535029428517e-05	0.00040345547750142386	4.746535029428517e-05	4.746535029428517e-05	0.0	4.746535029428517e-05	0.0	4.746535029428517e-05	0.0	0.0	7.119802544142775e-05	0.0	0.0	7.119802544142775e-05	0.00011866337573571293	2.3732675147142585e-05	0.0	0.0	0.0	2.3732675147142585e-05	0.0	0.0	2.3732675147142585e-05	0.0	0.0	0.0	0.0	4.746535029428517e-05	0.0	4.746535029428517e-05	0.0	0.0	0.0	0.0	0.0	0.0	2.3732675147142585e-05	0.0	0.0	0.0	0.0	0.0	0.0	0.0	0.0	0.0	0.0
soils5202009a	0.1727024088048208	0.15431508880613945	0.07420832372227934	0.11487132171219598	0.04030052393976365	0.08656539361386677	0.029129732757768225	0.03927900616205899	0.07150624443931915	0.028932019639502943	0.016146571325007374	0.012225261146076995	0.01716808910271187	0.013938774837710444	0.010478795268066027	0.007447194121329951	0.010973078063729484	0.0032293142650014874	0.004745114838369533	0.009424325303983908	0.005140541074900324	0.0050416845157676225	0.00405311892444064	0.0030316011467360865	0.003031601146736087	0.0028009358420931236	0.0028668402148482575	0.003954262365307943	0.0076778594259729206	0.003328170824134183	0.0033611230105117487	0.0023725574191847633	0.0028338880284706916	0.0032293142650014852	0.0009885655913269844	0.002108939928164234	0.001581704946123175	0.001153326523214815	0.0011203743368372488	0.0020759877417866673	0.00036247405015322765	0.0009556134049494183	0.001515800573368042	0.0006260915411737567	0.0016805615052558726	0.0009226612185718522	0.0008897090321942859	0.00042837842290835995	0.0012851352687250797	0.0006919959139288889	0.0005601871684186245	0.0008567568458167198	0.0003295218637756615	0.0002636174910205292	0.0016805615052558733	0.00029656967739809535	0.0002636174910205292	0.0007579002866840213	0.0005272349820410584	9.885655913269845e-05	0.0002636174910205292	0.0006260915411737569	0.00016476093188783075	0.00016476093188783075	0.00016476093188783075	3.295218637756615e-05	0.00036247405015322765	0.0001318087455102646	0.00029656967739809535	0.0005601871684186245	9.885655913269845e-05	9.885655913269845e-05	0.00023066530464296305	0.0002636174910205292	0.0002636174910205292	9.885655913269845e-05	9.885655913269845e-05	6.59043727551323e-05	6.59043727551323e-05	9.885655913269845e-05	3.295218637756615e-05	0.0	3.295218637756615e-05	0.0001977131182653969	0.00016476093188783075	6.59043727551323e-05	6.59043727551323e-05	0.0	0.0001318087455102646	0.0	6.59043727551323e-05	3.295218637756615e-05	0.0	0.0	0.0001318087455102646	9.885655913269845e-05	0.0	0.0	0.0	0.0	6.59043727551323e-05	6.59043727551323e-05	0.0	3.295218637756615e-05	6.59043727551323e-05	0.0	0.0	0.0	3.295218637756615e-05	9.885655913269845e-05	0.0	0.0	0.0	0.0	0.0	0.0	0.0	0.0	6.59043727551323e-05	0.0	0.0	0.0	3.295218637756615e-05	0.0	3.295218637756615e-05	0.0	0.0	0.0	0.0	0.0	0.0	0.0	0.0	0.0	0.0	0.0	0.0	0.0	0.0	0.0	0.0	0.0	0.0	0.0	0.0	0.0
soils5202009b	0.14950784783187127	0.15621175844639648	0.08097898377227936	0.11157222665602488	0.048417132216015034	0.07805267358339917	0.03665868582069717	0.04134078212290511	0.0727321096036172	0.029635541367384964	0.014312317105613152	0.013993083266826228	0.019952114924181988	0.011492418196328779	0.009523809523809521	0.01069433359936153	0.008459696727853147	0.004628890662410219	0.004362862463421125	0.01266294227188081	0.004735301942005854	0.003937217345038574	0.004841713221601492	0.0022878425113061988	0.003298749667464752	0.0041500399042298484	0.0031923383878691156	0.004416068103218944	0.0072359670125033285	0.00446927374301676	0.002766693269486566	0.0021814312317105624	0.0031391327480712974	0.0036179835062516656	0.0013833466347432832	0.0022346368715083806	0.0010109071561585528	0.001383346634743283	0.0009044958765629156	0.0022346368715083806	0.00021282255919127428	0.0006384676775738228	0.0017557861133280135	0.00037243947858473	0.002021814312317106	0.00111731843575419	0.00148975791433892	0.00026602819898909286	0.0013301409949454642	0.0006916733173716413	0.0007980845969672785	0.0003192338387869114	0.00031923383878691144	0.00047885075818036713	0.0014365522745411015	0.0006384676775738227	0.00010641127959563714	0.0005320563979781857	0.0006384676775738228	5.320563979781857e-05	0.00031923383878691144	0.00010641127959563714	0.00010641127959563714	0.0004256451183825486	0.00047885075818036713	0.00021282255919127428	0.00037243947858472997	0.00021282255919127428	5.320563979781857e-05	0.00031923383878691144	0.0	0.0	0.0004788507581803672	0.0004256451183825486	0.00021282255919127428	0.0001596169193934557	0.0001596169193934557	0.0	0.0001596169193934557	0.00010641127959563714	0.00021282255919127428	0.0	0.0	0.0001596169193934557	0.00031923383878691144	0.0001596169193934557	0.0	0.00010641127959563714	0.00021282255919127428	5.320563979781857e-05	0.0	0.0	0.0	0.0	5.320563979781857e-05	0.00010641127959563714	0.0	0.00010641127959563714	0.0	0.0	0.0	5.320563979781857e-05	5.320563979781857e-05	5.320563979781857e-05	0.0	0.0	0.0	0.0	0.0	0.0	0.0	0.0	5.320563979781857e-05	0.0	5.320563979781857e-05	0.0	0.0	0.0	0.0	5.320563979781857e-05	0.0	0.0	0.0	0.0	0.0	0.0	0.0	5.320563979781857e-05	0.0	0.0	0.0	0.0	0.0	0.0	0.0	0.0	0.0	0.0	0.0	0.0	0.0	0.0	0.0	0.0	0.0	0.0
soils6202009a	0.1692433477032867	0.06771220454883362	0.0687527872751601	0.08406421881968228	0.05277240969228506	0.13661364649918287	0.04318418314256023	0.04281254645458616	0.09194291660472768	0.022000891928051103	0.020514345176155767	0.017466924334770303	0.019102125761855188	0.017987215697933684	0.015757395570090676	0.010034190575293592	0.013081611416679037	0.003939348892522666	0.0028987661661959243	0.013304593429463352	0.006540805708339522	0.003642039542143599	0.0069867697339081256	0.0037163668797383655	0.0037906942173331335	0.0023784748030325543	0.003419057529359295	0.006020514345176148	0.007804370447450563	0.0034190575293592965	0.0023784748030325543	0.001486546751895347	0.0020068381150587186	0.0036420395421435966	0.001263564739111045	0.002304147465437787	0.0020068381150587186	0.0009662553887319756	0.0017095287646796491	0.0016352014270848818	0.0004459640255686041	0.0009662553887319755	0.0018581834398691838	0.0007432733759476735	0.0017838561022744165	0.0007432733759476735	0.0014122194143005797	0.0001486546751895347	0.0013378920767058123	0.0006689460383529062	0.00037163668797383676	0.0001486546751895347	0.0005946187007581388	0.0002973093503790694	0.0007432733759476735	0.0005946187007581388	0.00037163668797383676	0.0001486546751895347	0.0002973093503790694	0.0002973093503790694	7.432733759476735e-05	7.432733759476735e-05	0.0004459640255686041	0.00022298201278430203	0.0	0.00022298201278430203	0.00037163668797383676	0.0	0.00022298201278430203	0.0001486546751895347	0.00022298201278430203	0.0001486546751895347	7.432733759476735e-05	0.0001486546751895347	0.00037163668797383676	7.432733759476735e-05	0.0001486546751895347	0.0	7.432733759476735e-05	0.0	7.432733759476735e-05	0.0	7.432733759476735e-05	0.0003716366879738367	0.0006689460383529062	0.0001486546751895347	7.432733759476735e-05	7.432733759476735e-05	0.0001486546751895347	0.0	7.432733759476735e-05	0.0	0.0	0.0	0.00022298201278430203	0.0	0.0	0.0	0.0002973093503790694	0.0	0.0	0.0	0.0	0.0	7.432733759476735e-05	0.0	0.0001486546751895347	0.0	0.0	7.432733759476735e-05	0.0	0.0	7.432733759476735e-05	0.0	0.0	0.0	7.432733759476735e-05	0.0	0.0	0.0	0.0	0.0	0.0	0.0	0.0	0.0	0.0	0.0	0.0	0.0	0.0	0.0	0.0	0.0	0.0	0.0	0.0	0.0	0.0	0.0	0.0	0.0	0.0	0.0	0.0	0.0
soils6202009b	0.18490432021393133	0.05657224032756736	0.05302080721985452	0.10017130442048951	0.04376619035681452	0.1780103618283662	0.02956045792596296	0.042784323556446846	0.08197543243920766	0.02226957466365835	0.018613687641012754	0.014268404779811117	0.016587281691317752	0.015856104286788648	0.028933734436366664	0.006705941338681371	0.011573493774546648	0.004219938163282349	0.0018801704687891666	0.012200217264143056	0.005640511406367504	0.003885685635497617	0.00503467869975766	0.0026740202222779287	0.0028411464861702995	0.0020890782986546326	0.0025277847413721017	0.005598729840394405	0.006726832121667911	0.002423330826439373	0.0024860031753990135	0.00286203726915684	0.001901061251775713	0.002632238656304833	0.0010236483663407703	0.0010236483663407703	0.002130859864627724	0.0007938497534887608	0.001211665413219687	0.0019428428177488066	0.0003551433107712877	0.0003551433107712877	0.001880170468789167	0.0008147405364753071	0.0014623548090582418	0.0005849419236232974	0.0017339349878833453	0.00020890782986546336	0.0013996824600986041	0.0007102866215425754	0.00043870644271747306	0.00014623548090582434	0.0005222695746636584	0.00020890782986546336	0.000501378791677112	0.00033425252778474136	0.0003969248767443804	0.0002297986128520097	0.0008774128854349461	0.000313361744798195	0.0002924709618116487	0.000125344697919278	0.000250689395838556	0.000250689395838556	0.00010445391493273168	0.00014623548090582434	0.00016712626389237068	0.00010445391493273167	0.0003969248767443804	0.00016712626389237068	4.178156597309267e-05	0.00020890782986546336	8.356313194618534e-05	0.000125344697919278	0.0003969248767443804	0.00022979861285200967	0.00018801704687891702	4.178156597309267e-05	0.00014623548090582434	2.0890782986546335e-05	8.356313194618534e-05	0.0	0.00010445391493273168	4.178156597309267e-05	0.0005849419236232974	0.00010445391493273168	4.178156597309267e-05	0.00010445391493273168	8.356313194618534e-05	0.0	2.0890782986546335e-05	4.178156597309267e-05	0.0	2.0890782986546335e-05	6.2672348959639e-05	2.0890782986546335e-05	0.0	0.0	2.0890782986546335e-05	0.0	6.2672348959639e-05	2.0890782986546335e-05	0.0	8.356313194618534e-05	8.356313194618534e-05	2.0890782986546335e-05	2.0890782986546335e-05	0.0	0.0	0.0	0.0	0.0	4.178156597309267e-05	0.0	0.0	0.0	0.0	0.0	0.0	0.0	0.0	0.0	4.178156597309267e-05	0.0	0.0	0.0	0.0	0.0	0.0	0.0	0.0	0.0	0.0	0.0	0.0	0.0	0.0	0.0	0.0	0.0	0.0	0.0	0.0	0.0	0.0	0.0
soils7202009a	0.2147862952067801	0.09956307319605394	0.06484685931822125	0.09445838380342574	0.0471318567226169	0.09861135144488618	0.03480273403703107	0.03348330160927523	0.08022581761550394	0.03986416335006121	0.01728240179961929	0.016828170963834547	0.01617926976985635	0.012978023879563925	0.021392109361481223	0.006229451462190688	0.011052950337428608	0.004910019034435017	0.002573974736113512	0.0091278767952933	0.005039799273230659	0.0030714656514967977	0.0027470150545076976	0.0020115937013324104	0.0021846340197265953	0.002206264059525869	0.0023576743381207798	0.004801868835438652	0.006835092576570336	0.0028767952933033388	0.0025739747361135136	0.00514794947222702	0.0025739747361135114	0.004347637999653913	0.0007137913133760166	0.001665513064544038	0.00181692334313895	0.0006272711541789239	0.0005840110745803774	0.0014708427063505787	0.00012978023879563937	0.0001514102785949126	0.0015573628655476716	0.0010598719501643886	0.001038241910365115	0.0005191209551825574	0.0008003114725731097	0.00047586087558401094	0.0009949818307665686	0.0004542308357847377	0.0003244505969890984	0.0003893407163869181	0.000562381034781104	0.0003028205571898252	0.0010598719501643881	0.0004542308357847377	0.00038934071638691806	0.0005191209551825575	0.0006921612735767435	0.00012978023879563937	0.0006705312337774704	0.00017304031839418584	0.0004326007959854645	4.326007959854646e-05	0.0004974909153832843	0.00012978023879563937	0.00012978023879563937	0.0005191209551825575	0.00023793043779200552	2.163003979927323e-05	0.00010815019899636615	0.00021630039799273228	0.00012978023879563937	0.00012978023879563937	0.0001514102785949126	0.00019467035819345906	0.0001514102785949126	6.489011939781969e-05	6.489011939781969e-05	8.652015919709292e-05	4.326007959854646e-05	0.0	0.0001514102785949126	6.489011939781969e-05	0.00012978023879563937	0.00010815019899636615	6.489011939781969e-05	0.00012978023879563937	8.652015919709292e-05	0.0	2.163003979927323e-05	8.652015919709292e-05	0.00010815019899636615	8.652015919709292e-05	0.00012978023879563937	0.00010815019899636615	0.0	4.326007959854646e-05	4.326007959854646e-05	2.163003979927323e-05	2.163003979927323e-05	4.326007959854646e-05	0.0	2.163003979927323e-05	8.652015919709292e-05	0.00010815019899636615	4.326007959854646e-05	0.0	2.163003979927323e-05	2.163003979927323e-05	0.0	2.163003979927323e-05	0.0	2.163003979927323e-05	0.0	0.0	0.0	2.163003979927323e-05	0.0	0.0	0.0	0.0	0.0	0.0	0.0	0.0	0.0	0.0	0.0	0.0	0.0	0.0	0.0	0.0	0.0	0.0	0.0	0.0	0.0	0.0	0.0	0.0	0.0	0.0	0.0	0.0
soils7202009b	0.21812833319224004	0.1024930161686293	0.05828324726995735	0.09931854736307553	0.041860661982561935	0.09267332599678413	0.03419961059849335	0.02916278676034873	0.08958350969271252	0.039702023194785906	0.015385592144247822	0.017967493439431072	0.015618386523321617	0.01392533649369335	0.020380089731651563	0.005502412596292222	0.013565563362397311	0.004423093202404131	0.0024549225429611435	0.009269448912215348	0.0064759163633285426	0.0030898163040717847	0.0035130788114788765	0.002073986286294759	0.002476085668331498	0.0023067806653686604	0.002603064420553626	0.004888681960551942	0.006412426987217474	0.002920511301108947	0.0019470075340726322	0.004317277575552357	0.002327943790739015	0.004804029459070522	0.0008888512655548973	0.001883518157961568	0.0021374756624058236	0.0006348937611106406	0.0005925675103699314	0.0013756031490730553	0.0001904681283331922	0.0003597731312960298	0.00143909252518412	0.0010369931431473795	0.0014390925251841203	0.0006560568864809954	0.0009311775162956064	0.00027512062981461095	0.0011004825192584443	0.000550241259629222	0.0002539575044442563	0.00016930500296283751	0.0006560568864809953	0.0002327943790739016	0.0009100143909252515	0.00040209938203673916	0.000423262507407094	0.0004444256327774487	0.0006560568864809955	0.00025395750444425624	0.00044442563277744863	0.00014814187759248283	0.00027512062981461095	0.00012697875222212815	0.00012697875222212815	0.00010581562685177347	0.0002327943790739016	0.0006983831372217048	0.00023279437907390156	0.00027512062981461106	0.00012697875222212815	0.00019046812833319225	0.00019046812833319225	0.00016930500296283751	0.00021163125370354688	0.00023279437907390164	6.348937611106407e-05	6.348937611106407e-05	0.00012697875222212818	6.348937611106407e-05	8.465250148141877e-05	0.0	0.00010581562685177347	6.348937611106407e-05	0.00016930500296283751	6.348937611106407e-05	6.348937611106407e-05	0.00016930500296283751	0.00016930500296283754	2.1163125370354693e-05	2.1163125370354693e-05	6.348937611106407e-05	4.2326250740709385e-05	6.348937611106407e-05	4.2326250740709385e-05	0.00012697875222212815	0.0	4.2326250740709385e-05	2.1163125370354693e-05	0.0	0.00010581562685177348	0.0	0.0	4.2326250740709385e-05	2.1163125370354693e-05	0.00010581562685177347	4.2326250740709385e-05	2.1163125370354693e-05	0.0	4.2326250740709385e-05	0.0	0.0	0.0	0.0	0.0	2.1163125370354693e-05	0.0	0.0	0.0	2.1163125370354693e-05	0.0	0.0	0.0	0.0	6.348937611106409e-05	0.0	0.0	2.1163125370354693e-05	4.2326250740709385e-05	2.1163125370354693e-05	0.0	0.0	0.0	2.1163125370354693e-05	0.0	0.0	2.1163125370354693e-05	0.0	0.0	0.0	0.0	0.0	0.0	0.0	0.0	0.0
soils8202009a	0.19753283564213742	0.06607050181643949	0.06994291189269064	0.09980438340851978	0.041279092977763276	0.12894726336380619	0.030739750089824092	0.037646213421693234	0.10427561978522178	0.023274382210866765	0.014890814004551096	0.018403928300530985	0.016367918878997224	0.01453151822428043	0.025629765659307767	0.003992175336340771	0.013333865623378193	0.005070062677152769	0.0023953052018044637	0.009940516587488521	0.005269671443969809	0.0025549922152580946	0.004032097089704179	0.0043913928699748465	0.003193740269072618	0.0027945227354385406	0.0033135055291628416	0.00491037566369914	0.0053495149506966235	0.0021956964349874246	0.001596870134536309	0.0034731925426164725	0.0033135055291628416	0.0035929578027066957	0.0005589045470877082	0.0013972613677192703	0.0019960876681703863	0.0004790610403608927	0.0013573396143558628	0.001037965587448601	0.00043913928699748503	0.0001596870134536309	0.0022356181883508327	0.0007984350672681545	0.0011976526009022318	0.0005589045470877082	0.0014771048744460858	0.00023953052018044636	0.0014371831210826778	0.0009182003273583778	0.00039921753363407724	3.992175336340772e-05	0.0006387480538145237	0.00035929578027066956	0.0004790610403608927	0.0003193740269072618	0.00027945227354385404	0.0001596870134536309	0.0006786698071779313	0.00023953052018044636	0.0006387480538145237	0.00011976526009022317	0.0003193740269072618	0.00011976526009022317	7.984350672681544e-05	0.00035929578027066956	7.984350672681544e-05	0.00027945227354385404	0.00019960876681703862	0.00019960876681703862	0.00019960876681703862	7.984350672681544e-05	0.0001596870134536309	0.00011976526009022317	0.0002794522735438541	0.00019960876681703862	0.00019960876681703862	0.00019960876681703862	0.00019960876681703862	0.0	3.992175336340772e-05	0.0	7.984350672681544e-05	3.992175336340772e-05	0.0001596870134536309	0.0001596870134536309	0.0001596870134536309	0.00019960876681703862	3.992175336340772e-05	0.0	3.992175336340772e-05	0.0001596870134536309	3.992175336340772e-05	0.0	7.984350672681544e-05	7.984350672681544e-05	0.0	3.992175336340772e-05	7.984350672681544e-05	0.00011976526009022317	0.0	0.0	3.992175336340772e-05	0.0	7.984350672681544e-05	0.0	3.992175336340772e-05	0.0	3.992175336340772e-05	0.0	0.0	0.0	0.0	0.0	0.0	3.992175336340772e-05	0.0	0.0	3.992175336340772e-05	0.0	0.0	0.0001596870134536309	0.0	0.0	0.0	0.0	0.0	0.0	0.0	3.992175336340772e-05	0.0	0.0	3.992175336340772e-05	0.0	0.0	0.0	0.0	0.0	0.0	0.0	0.0	0.0	0.0	0.0	0.0	0.0
soils8202009b	0.20359017150896655	0.06909321618956518	0.05683173915742087	0.09957450329984241	0.043770300744102514	0.11162909376788886	0.03692235547249594	0.03966705055618056	0.0972780624383672	0.02757108277531481	0.01694400959953679	0.018605998331115408	0.015150992710696568	0.015364775493596801	0.027736592026591914	0.005234230071651712	0.01110980849200377	0.005958333045990861	0.0025998744888177713	0.013144193038956729	0.0057100691690745815	0.003723958153744297	0.005234230071651701	0.004772183411835284	0.0036343073093023062	0.002186101360623968	0.0038136089981862815	0.006820360396394633	0.006420379705807299	0.0023171295178853425	0.0017309509196107783	0.0035998262152861357	0.002489534987966087	0.0037584392477604334	0.0007172067555359393	0.0015999227623494045	0.0018137055452495442	0.0005241126290454942	0.0007654802871585507	0.0011861496341555931	0.00039998069058735106	0.0002068865640969057	0.002006799671739985	0.0009723668512554547	0.0014895832614977217	0.0007447916307488598	0.0011516685401394423	0.00034481094016150954	0.001427517292268649	0.0007516878495520891	0.0004137731281938114	0.00015861303247429435	0.0004620466598164229	0.00025516009571951705	0.0004482542222099624	0.00036549959657120013	0.0004551504410131927	0.0002758487521292076	0.000779272724765011	0.00022757522050659626	0.0005516975042584149	0.00025516009571951705	0.0002620563145227472	0.00017240547008075472	4.827353162261132e-05	0.00019999034529367553	0.0003103298461453586	0.0001379243760646038	0.0002068865640969057	0.00017240547008075472	0.00016550925127752452	0.0001241319384581434	0.00023447143930982648	0.00023447143930982648	0.0004137731281938115	0.00012413193845814337	0.00015171681367106416	0.0001379243760646038	0.00011723571965491319	0.0001034432820484528	8.275462563876225e-05	0.0	7.585840683553206e-05	0.0001310281572613736	0.00015861303247429435	6.896218803230188e-05	4.827353162261132e-05	0.00012413193845814337	5.516975042584151e-05	2.0688656409690565e-05	3.448109401615094e-05	4.137731281938113e-05	3.448109401615094e-05	2.0688656409690565e-05	0.00017930168888398497	9.654706324522261e-05	0.0	2.7584875212920755e-05	4.827353162261132e-05	4.827353162261133e-05	9.654706324522263e-05	0.0	3.448109401615094e-05	3.448109401615094e-05	5.516975042584151e-05	1.3792437606460377e-05	6.896218803230188e-05	0.0	6.896218803230189e-06	1.3792437606460377e-05	5.516975042584151e-05	1.3792437606460377e-05	0.0	0.0	0.0	1.3792437606460377e-05	1.3792437606460377e-05	0.0	2.7584875212920755e-05	6.896218803230189e-06	0.0	2.7584875212920755e-05	0.0	0.0	2.0688656409690565e-05	6.896218803230189e-06	0.0	1.3792437606460377e-05	6.896218803230189e-06	2.7584875212920755e-05	2.0688656409690565e-05	2.0688656409690565e-05	6.896218803230189e-06	1.3792437606460377e-05	0.0	6.896218803230189e-06	0.0	6.896218803230189e-06	0.0	0.0	6.896218803230189e-06	6.896218803230189e-06	0.0	0.0	0.0	0.0
