	S1S202009a	S1S202009b	S1U202009a	S1U202009b	S2S202009a	S2S202009b	S2U202009a	S2U202009b	S3S202009a	S3S202009b	S3U202009a	S3U202009b	S4S202009a	S4S202009b	S4U202009a	S4U202009b	S5S202009a	S5S202009b	S5U202009a	S5U202009b	S6S202009a	S6S202009b	S6U202009a	S6U202009b	S7S202009a	S7S202009b	S7U202009a	S7U202009b	S8S202009a	S8S202009b	S8U202009a	S8U202009b	soils1202009a	soils1202009b	soils2202009a	soils2202009b	soils3202009a	soils3202009b	soils4202009a	soils4202009b	soils5202009a	soils5202009b	soils6202009a	soils6202009b	soils7202009a	soils7202009b	soils8202009a	soils8202009b
Proteobacteria	0.38647746243739484	0.37100737100737075	0.31409958120055903	0.2571428571428572	0.338201256475254	0.3410589787073662	0.2874936451448887	0.2784488239033726	0.36933581626319034	0.3964143426294819	0.3449349945828762	0.2772675086107931	0.4246575342465753	0.2812989045383422	0.237973059653623	0.2693798449612417	0.355704697986577	0.38961038961039074	0.33937823834196945	0.3665158371040719	0.2803206620118957	0.3122720166753536	0.30623556581986	0.2885375494071153	0.3553553553553543	0.29928498467824277	0.420419254658383	0.3969270166453308	0.36710598572213177	0.3778785764131179	0.3427435387674004	0.3495978552278887	0.24068670692813224	0.2507503514304125	0.2141088530717075	0.21439169139466585	0.24147263288197618	0.23744092207796152	0.20675238125176343	0.2043383330168887	0.3271163541700899	0.3057196062782708	0.23717853426490507	0.24151834210747786	0.31445751860182625	0.3207483281131079	0.2638029462254002	0.27284889694981024
Acidobacteriota	0.1794657762938228	0.20024570024570054	0.2345276872964161	0.4000000000000001	0.19260443072853645	0.17566421707179133	0.24783934926283763	0.260966306420854	0.20794537554314077	0.15139442231075687	0.22142470205850256	0.2698048220436289	0.0821917808219178	0.23904538341158138	0.23091725465041604	0.21758280479210682	0.23489932885906026	0.2049062049062047	0.29015544041450814	0.2511312217194568	0.22498060512024756	0.21834288692027054	0.241108545034641	0.223978919631094	0.21721721721721746	0.2308478038815121	0.1579968944099373	0.17242851045667879	0.20345963756177882	0.17515701325889763	0.1827037773359857	0.17439678284182203	0.1703874601343515	0.1531476767599993	0.13907965428637964	0.12999315224834568	0.16534643679135572	0.1607746934762268	0.1364936657131161	0.13420827795708823	0.14587932909348278	0.15206171854216646	0.1467221644120719	0.12599231219186133	0.1271197439003282	0.11406924574621337	0.134815761108226	0.12708352010592874
Actinobacteriota	0.12270450751252066	0.09950859950859944	0.05816658911121457	0.02857142857142857	0.12603328557257817	0.13289052195213835	0.05439755973563816	0.05117609663064191	0.09124767225325879	0.0936254980079681	0.06351570964247032	0.04247990815154999	0.0410958904109589	0.07511737089201884	0.07825529185375245	0.09284707540521549	0.1342281879194631	0.09956709956709948	0.04015544041450776	0.0429864253393665	0.1569692267907937	0.12389265242313689	0.08498845265588895	0.0816864295125164	0.10110110110110117	0.0929519918283964	0.08423913043478229	0.07511737089201867	0.11285008237232311	0.09979064898813664	0.08667992047713712	0.10201072386058938	0.17995521476555057	0.19615516127806323	0.20668068208362134	0.19601689112075482	0.17943830219851165	0.19238351123634748	0.2238219483826308	0.22776248338711844	0.20713744356937625	0.20164937483373382	0.1991972647539786	0.2034553355059872	0.19508132894964214	0.21167357995428113	0.2254381412431579	0.2169826284248408
Verrucomicrobiota	0.0475792988313856	0.04422604422604425	0.11354118194509082	0.05714285714285714	0.05692714647856272	0.05280761258714912	0.11133706151499764	0.11665607120152563	0.054624456859093715	0.05976095617529879	0.09804983748645728	0.13461538461538444	0.0547945205479452	0.09585289514866993	0.11417575368826173	0.08861874559549006	0.06711409395973154	0.0404040404040404	0.08419689119170988	0.08597285067873309	0.06258081199896565	0.06683168316831684	0.09284064665127002	0.10276679841897227	0.032032032032032025	0.054136874361593444	0.07259316770186318	0.08279982927870239	0.04873695771554092	0.06001395673412424	0.09801192842942343	0.09410187667560291	0.058763656103684635	0.05360738573762417	0.05101611772950215	0.05552385300159763	0.06780474717951171	0.06457076938802409	0.05887900411807217	0.05327985570533544	0.04267308135894855	0.050598563447725634	0.054407611119369995	0.0466491184089579	0.05232306627444286	0.0462837551849663	0.04479220727374301	0.04745977780383112
Firmicutes	0.037562604340567594	0.02334152334152334	0.02373196835737551	0.02857142857142857	0.04562989088504351	0.04121914452609767	0.04245043213014751	0.04005085823267634	0.01924270639354438	0.01593625498007968	0.022210184182015175	0.014351320321469569	0.0136986301369863	0.02934272300469482	0.032071840923669034	0.04122621564482027	0.026845637583892617	0.011544011544011544	0.015544041450777198	0.015837104072398193	0.011119731057667438	0.02136529442417924	0.02078521939953811	0.02371541501976285	0.01001001001001001	0.011235955056179775	0.009316770186335407	0.010029876227059331	0.022652388797364077	0.021632937892533153	0.010536779324055666	0.016085790884718495	0.14344846305217912	0.1343793928802081	0.19458070544265146	0.20509016206345967	0.13140640958661778	0.13132212860611517	0.17006695797051072	0.177995063603564	0.08999242099713384	0.08188347964884189	0.1396610673405684	0.18097685301245672	0.10159629693718575	0.0955515110471526	0.13297936045350947	0.11496686366865273
Planctomycetota	0.053422370617696086	0.06388206388206391	0.06561191251745005	0.02857142857142857	0.058359969139204174	0.05874316939890715	0.06405693950177958	0.056420851875397075	0.05772811918063313	0.04581673306772907	0.05687973997833167	0.06917336394948342	0.0547945205479452	0.062206572769952964	0.07761385503527911	0.06694855532064839	0.03355704697986577	0.04906204906204904	0.060880829015544	0.06787330316742081	0.051202482544608276	0.05588848358520064	0.06189376443418018	0.07641633728590243	0.05505505505505502	0.07354443309499491	0.07550465838509271	0.08258642765685005	0.063289401427787	0.06559665038381024	0.08846918489065599	0.0825737265415546	0.04621021917622317	0.04342540177044989	0.03975706610604959	0.037890892490298644	0.042176755482129846	0.04334895764885858	0.036779730281977834	0.033035883804822475	0.0338089432233828	0.04341580207502021	0.04846142411178888	0.03507562463441117	0.0409672953798247	0.04012528570219328	0.037167152381332315	0.04421855496631415
Bacteroidota	0.0592654424040066	0.06265356265356269	0.0172173103769195	0.0	0.03989860024247765	0.04894478990013194	0.03863751906456539	0.04481881754609014	0.04220980757293605	0.05577689243027886	0.021668472372697728	0.018943742824339842	0.0547945205479452	0.02503912363067292	0.01731879409878127	0.024489076814658187	0.026845637583892617	0.05483405483405481	0.02849740932642488	0.03619909502262443	0.03335919317300234	0.037519541427827	0.02540415704387992	0.026350461133069835	0.05105105105105105	0.05107252298263533	0.03571428571428567	0.03670507895860009	0.04365733113673807	0.049197487787857694	0.03260437375745525	0.034852546916890166	0.01567483205537085	0.016298772842977084	0.01751927119831818	0.018603058662405792	0.017753679464188883	0.016743814766681846	0.013360158435761197	0.014168407062844196	0.02903087619863564	0.029635541367384964	0.02237252861602494	0.022374028578591082	0.04010209378785325	0.0398501650723784	0.023713521497864255	0.027812450433427886
Myxococcota	0.02921535893155259	0.05159705159705165	0.014425314099581206	0.0	0.049156838972776305	0.054880346711889995	0.01194712760549059	0.016052129688493327	0.056486654252017356	0.07569721115537846	0.017063921993499456	0.01291618828932261	0.0821917808219178	0.02425665101721438	0.029506093649775515	0.021317829457364327	0.026845637583892617	0.04329004329004329	0.009067357512953369	0.013574660633484165	0.0426687354538402	0.0419489317352788	0.010623556581986146	0.0158102766798419	0.09609609609609615	0.08886618998978557	0.010675465838509323	0.012163892445582596	0.04503020318506316	0.05059316120027917	0.01451292246520874	0.01689008042895443	0.024971161023274777	0.028190418297177288	0.02163046017285686	0.01945902761926494	0.019782267971364148	0.02098817711451522	0.018264122473358353	0.017490981583444084	0.019606550894651766	0.021016227720138378	0.02653485952133191	0.02099523690147902	0.023663263540404877	0.02636925421146185	0.025150704618946945	0.026095291951423627
Chloroflexi	0.007512520868113522	0.009828009828009828	0.015355979525360641	0.02857142857142857	0.016367243469635185	0.018560391935179936	0.02440264361972545	0.021614748887476127	0.016759776536312845	0.01593625498007968	0.012730227518959896	0.01980482204362802	0.0821917808219178	0.018388106416275432	0.02629890955740861	0.025017618040873834	0.0	0.015873015873015872	0.009067357512953369	0.00904977375565611	0.014740108611326602	0.011985409067222503	0.025866050808314105	0.019762845849802372	0.013013013013013013	0.018386108273748727	0.020186335403726725	0.017712334613743077	0.015650741350906102	0.020237264480111664	0.019284294234592433	0.019034852546916902	0.02748184840876708	0.02929220014437161	0.03232889511796311	0.031043140835425524	0.03260332387286217	0.03376507065013754	0.03511363993587115	0.03510062654262415	0.02659241440669572	0.032668262835860676	0.037460978147762926	0.03309100025068931	0.023922824017996155	0.025332261068314398	0.030300610802826585	0.035784479369962444
Bacteria_unclassified	0.007512520868113523	0.011056511056511056	0.028850628199162377	0.05714285714285714	0.00810095888901135	0.008997550405125315	0.023640061006609037	0.01859504132231403	0.014276846679081313	0.013944223107569721	0.0395449620801734	0.033869115958668226	0.0	0.03482003129890451	0.04041051956382299	0.04157857646229737	0.013422818791946308	0.017316017316017316	0.024611398963730574	0.03619909502262443	0.025084044478924216	0.021495570609692524	0.025404157043879914	0.030303030303030307	0.008008008008008008	0.01634320735444331	0.020768633540372686	0.02731540759709771	0.013454146073585945	0.011863224005582691	0.028230616302186866	0.029758713136729287	0.020085499083938405	0.020211998024391286	0.015977575332866204	0.021741611504222668	0.018878581211787114	0.019416010786132355	0.020338876489264874	0.02026770457565965	0.01716808910271187	0.019952114924181988	0.019102125761855188	0.016587281691317752	0.01617926976985635	0.015618386523321617	0.016367918878997224	0.015150992710696568
Gemmatimonadota	0.02003338898163606	0.01597051597051597	0.012098650535132625	0.02857142857142857	0.024909070869613154	0.025814961371773096	0.023385866802236897	0.020979020979020935	0.018621973929236497	0.013944223107569721	0.018689057421451785	0.0169345579793341	0.0410958904109589	0.016823161189358372	0.034637588197562554	0.02730796335447496	0.006711409395973154	0.014430014430014432	0.0116580310880829	0.020361990950226245	0.025601241272304093	0.018238665971860323	0.019399538106235573	0.026350461133069835	0.01001001001001001	0.0071501532175689475	0.01436335403726709	0.014297908664105857	0.018808347062053806	0.01779483600837405	0.02007952286282305	0.014075067024128677	0.01791409377756668	0.017894456897534328	0.018827376781125928	0.015921022597580485	0.018991542056734412	0.018569085271770817	0.02156486749866412	0.02214258591228395	0.014400105446996365	0.011758446395317868	0.01858183439869182	0.016712626389237043	0.013410624675549388	0.01453906712943363	0.015170266278094957	0.015916472997855282
Crenarchaeota	0.005008347245409015	0.002457002457002457	0.02000930665425779	0.0	0.008817370219332085	0.010834746561145657	0.021606507371631924	0.02288620470438652	0.0031036623215394167	0.01195219123505976	0.0169284940411701	0.018943742824339842	0.0273972602739726	0.020344287949921755	0.01796023091725465	0.021494009866102892	0.03355704697986577	0.001443001443001443	0.01295336787564767	0.004524886877828055	0.018877682958365657	0.013809275664408545	0.02540415704387991	0.01844532279314888	0.008008008008008008	0.009193054136874362	0.021933229813664596	0.017498932991890735	0.011943986820428337	0.00942079553384508	0.020874751491053677	0.016487935656836462	0.020899776073827786	0.020325975456859553	0.021770614342443366	0.028589363159096076	0.028146077199324087	0.023514351493558048	0.02756907987802963	0.030425289538636775	0.010478795268066027	0.009523809523809521	0.015757395570090676	0.028933734436366664	0.021392109361481223	0.020380089731651563	0.025629765659307767	0.027736592026591914
Methylomirabilota	0.010851419031719533	0.013513513513513513	0.034434620753839	0.05714285714285714	0.01267496969028987	0.01026945543621632	0.021098118962887644	0.018595041322314036	0.012414649286157667	0.019920318725099598	0.022345612134344526	0.03444316877152699	0.0	0.02621283255086072	0.02565747273893522	0.02184637068357998	0.0	0.015873015873015876	0.032383419689119175	0.020361990950226245	0.016550297388156193	0.011203751954142784	0.021247113163972292	0.022397891963109356	0.007007007007007007	0.01634320735444331	0.019409937888198763	0.018352539479300038	0.006177924217462932	0.007676203768318212	0.01968190854870775	0.016890080428954426	0.007396349324828664	0.008168382660233271	0.006960990422798414	0.006676557863501481	0.008457943265415619	0.008629878948060088	0.005878469711734938	0.0050075944560470835	0.007447194121329951	0.01069433359936153	0.010034190575293592	0.006705941338681371	0.006229451462190688	0.005502412596292222	0.003992175336340771	0.005234230071651712
Dependentiae	0.005843071786310518	0.0085995085995086	0.014425314099581211	0.0	0.002314559682574672	0.001366120218579235	0.005083884087442808	0.0069930069930069965	0.005586592178770951	0.00398406374501992	0.012323943661971813	0.013490241102181392	0.0136986301369863	0.0062597809076682335	0.013470173187940984	0.009337561663143054	0.0	0.005772005772005772	0.014248704663212434	0.006787330316742082	0.008533747090768037	0.009770713913496609	0.007852193995381066	0.010540184453227932	0.009009009009009009	0.011235955056179775	0.011451863354037277	0.01067008109261631	0.005216913783635364	0.0045359385903698535	0.009542743538767393	0.008981233243967823	0.0022392617221958355	0.002773450856730368	0.001121233356692361	0.0015407441223464966	0.0030358227079538397	0.0026235221393143965	0.0015089120115683247	0.0017799506360356957	0.004745114838369533	0.004362862463421125	0.0028987661661959243	0.0018801704687891666	0.002573974736113512	0.0024549225429611435	0.0023953052018044637	0.0025998744888177713
Nitrospirota	0.008347245409015025	0.004914004914004914	0.008841321544904607	0.0	0.0031411881406370546	0.00334463915583192	0.004067107269954245	0.004291163382072473	0.004965859714463066	0.00398406374501992	0.006094257854821235	0.006314580941446612	0.0136986301369863	0.00782472613458529	0.005772931366260424	0.011099365750528542	0.0	0.008658008658008658	0.0038860103626943004	0.0	0.007757951900698215	0.009379885356956745	0.006466512702078523	0.006587615283267458	0.006006006006006006	0.0040858018386108275	0.003493788819875776	0.003627827571489543	0.0060406370126304225	0.0045359385903698535	0.00536779324055666	0.004289544235924933	0.005564226097577527	0.004749059686182138	0.003410418126605933	0.0033097466331887693	0.005761003092303139	0.005655904871768669	0.0047782213699663675	0.004675337003987089	0.0050416845157676225	0.003937217345038574	0.003642039542143599	0.003885685635497617	0.0030714656514967977	0.0030898163040717847	0.0025549922152580946	0.003723958153744297
Desulfobacterota	0.005843071786310518	0.0036855036855036856	0.0046533271288971625	0.0	0.005841507770307506	0.0042396834369700384	0.003558718861209965	0.0023839796567069298	0.008069522036002483	0.00597609561752988	0.007854821235102925	0.004592422502870263	0.0	0.005477308294209704	0.0038486209108402817	0.004404510218463707	0.013422818791946308	0.002886002886002886	0.0025906735751295338	0.004524886877828055	0.0064649599172485125	0.008077123501823864	0.006928406466512703	0.002635046113306983	0.005005005005005005	0.0010214504596527069	0.00562888198757764	0.004694835680751174	0.005354200988467874	0.006629448709002093	0.005566600397614315	0.004959785522788205	0.003053538712085228	0.003039398199156567	0.0022424667133847218	0.0017119379137183295	0.003186437167883347	0.0034120389975127704	0.0027977743547829364	0.001803683311182837	0.003723597060664977	0.0047353019420058534	0.0025271294782220886	0.002297986128520095	0.0025090846167156937	0.0026453906712943344	0.0031138967623458025	0.0027033177708662296
Armatimonadota	0.0	0.002457002457002457	0.002791996277338297	0.02857142857142857	0.002755428193541276	0.0018843037497644618	0.004067107269954246	0.003337571519389702	0.0	0.0	0.003114842903575298	0.0014351320321469576	0.0	0.005868544600938969	0.0032071840923669015	0.004052149400986611	0.0	0.002886002886002886	0.0012953367875647669	0.004524886877828055	0.0012929919834497026	0.0007816571130797289	0.005542725173210163	0.0	0.0	0.0040858018386108275	0.002523291925465838	0.004054630815194195	0.00041186161449752884	0.0013956734124214933	0.004174950298210737	0.0033512064343163553	0.0022392617221958346	0.002963413244177652	0.0028030833917309004	0.002396713079205662	0.0030781830248090137	0.003154067432793557	0.0038351513627361586	0.0041057528004556625	0.0024384617919398963	0.0030859271082734783	0.0031217481789802257	0.0023815492604662776	0.0018385533829382236	0.0021586387877761794	0.0023953052018044637	0.0025102236443757795
Bdellovibrionota	0.005008347245409015	0.0036855036855036856	0.0046533271288971625	0.0	0.0022594511187038462	0.002355379687205577	0.0010167768174885613	0.0034965034965034974	0.0012414649286157666	0.0	0.004333694474539545	0.001148105625717566	0.0	0.003129890453834116	0.0	0.0019379844961240314	0.0	0.001443001443001443	0.0038860103626943004	0.0022624434389140274	0.002585983966899405	0.0024752475247524757	0.0013856812933025404	0.003952569169960474	0.005005005005005005	0.0010214504596527069	0.002135093167701863	0.0025608194622279133	0.0030203185063152117	0.0003489183531053733	0.0021868787276341953	0.0021447721179624667	0.005021374770984601	0.005318946848524001	0.003784162578836716	0.0034809404245606046	0.004283098704244987	0.004745703313231061	0.003740844362013138	0.004390544902221371	0.0038554058061752447	0.003990422984836395	0.0043853129180912685	0.003446979192780137	0.005407509949818299	0.005841022602217915	0.004391392869974845	0.004751494755425573
RCP2-54	0.0008347245409015025	0.002457002457002457	0.002791996277338297	0.0	0.0003857599470957787	4.710759374411155e-05	0.0010167768174885613	0.0011125238397965672	0.00558659217877095	0.0	0.0020314192849404116	0.001722158438576349	0.0	0.002347417840375587	0.0032071840923669015	0.0026427061310782245	0.006711409395973154	0.0	0.0038860103626943004	0.0022624434389140274	0.0007757951900698216	0.0019541427826993227	0.0023094688221709007	0.002635046113306983	0.004004004004004004	0.0010214504596527069	0.0015527950310559005	0.0008536064874093043	0.0	0.0017445917655268665	0.0005964214711729623	0.002144772117962467	0.0013571283164823238	0.0014057216671099124	0.0010745153001635132	0.0008559689568591646	0.001143728555089591	0.0011194992431211633	0.0018232686806450595	0.0021122080880956896	0.0009885655913269844	0.0013833466347432832	0.001263564739111045	0.0010236483663407703	0.0007137913133760166	0.0008888512655548973	0.0005589045470877082	0.0007172067555359393
Latescibacterota	0.0025041736227045075	0.0	0.002791996277338297	0.0	0.0004959770748374297	0.0005652911249293386	0.0033045246568378247	0.0030197075651621115	0.0012414649286157666	0.00398406374501992	0.0013542795232936078	0.000574052812858783	0.0	0.0011737089201877935	0.0025657472738935213	0.00035236081747709656	0.0	0.002886002886002886	0.0012953367875647669	0.0022624434389140274	0.0012929919834497026	0.0	0.0013856812933025404	0.006587615283267458	0.001001001001001001	0.0020429009193054137	0.001358695652173913	0.0014938113529662828	0.0002745744096650192	0.00104675505931612	0.0009940357852882705	0.0010723860589812334	0.0018999796430752536	0.0018996238744728553	0.000934361130576968	0.0007989043597352201	0.0024427782719814704	0.002647859079382235	0.0011945553424915906	0.0012578317827985574	0.002240748673674499	0.002713487629688748	0.0016352014270848818	0.002047296732681538	0.001968333621733863	0.0015025819012951837	0.0011178090941754164	0.0012344231657782046
Entotheonellaeota	0.0	0.0	0.0	0.0	0.0006061942025790808	0.0008479366873940078	0.0017793594306049825	0.001589319771137953	0.002482929857231533	0.00199203187250996	0.002437703141928494	0.0020091848450057405	0.0136986301369863	0.014475743348982786	0.0006414368184733803	0.0005285412262156448	0.0	0.0	0.0038860103626943004	0.0	0.0012929919834497026	0.002996352266805628	0.0013856812933025404	0.002635046113306983	0.0	0.0	0.001358695652173913	0.0008536064874093043	0.0009610104338275673	0.0	0.0007952286282306163	0.0009383378016085792	0.0006107077424170455	0.0006838645948102276	0.0002803083391730904	0.0003994521798676102	0.0009648738839233186	0.0009102015585376417	0.0006287133381534688	0.0005458515283842793	0.001153326523214815	0.001383346634743283	0.0009662553887319756	0.0007938497534887608	0.0006272711541789239	0.0006348937611106406	0.0004790610403608927	0.0005241126290454942
NB1-j	0.0025041736227045075	0.002457002457002457	0.0013959981386691485	0.0	0.0006613027664499064	0.0013661202185792352	0.0	0.0	0.0031036623215394167	0.00398406374501992	0.0005417118093174431	0.0	0.0	0.0003912363067292645	0.0	0.00017618040873854828	0.0	0.012987012987012988	0.0012953367875647669	0.0022624434389140274	0.002068787173519524	0.003908285565398645	0.0009237875288683603	0.0	0.002002002002002002	0.0	0.0007763975155279503	0.0008536064874093043	0.002196595277320154	0.00418702023726448	0.00019880715705765408	0.00026809651474530834	0.0002714256632964647	0.00045590972987348506	9.34361130576968e-05	0.00011412919424788861	0.000334175832968564	0.00037478887704491123	3.143566690767345e-05	2.3732675147142585e-05	0.0009556134049494183	0.0006384676775738228	0.0009662553887319755	0.0003551433107712877	0.0001514102785949126	0.0003597731312960298	0.0001596870134536309	0.0002068865640969057
Cyanobacteria	0.0	0.0	0.00046533271288971617	0.0	0.0002755428193541276	0.0	0.0015251652262328421	0.0009535918626827718	0.0	0.00199203187250996	0.0014897074756229686	0.0008610792192881745	0.0	0.0011737089201877935	0.0012828736369467607	0.0010570824524312897	0.0	0.004329004329004329	0.0012953367875647669	0.0	0.001034393586759762	0.0005211047420531526	0.0009237875288683603	0.0	0.001001001001001001	0.0	0.0009704968944099378	0.0008536064874093043	0.001098297638660077	0.0017445917655268667	0.00039761431411530816	0.0005361930294906167	0.0010857026531858587	0.0010637893697047988	0.0018220042046250859	0.0019401963022141068	0.0008848599520857762	0.0010416210349040373	0.000943070007230203	0.0008543763052971325	0.0007908524730615872	0.0006916733173716413	0.0010405827263267429	0.0007102866215425754	0.00080031147257311	0.0009946668924066702	0.0007185915605413391	0.0008068575999779304
Sumerlaeota	0.0008347245409015025	0.0	0.0013959981386691485	0.0	0.0006061942025790808	0.0004710759374411155	0.0005083884087442806	0.0006357279084551812	0.0006207324643078833	0.0	0.0006771397616468039	0.0020091848450057405	0.0	0.000782472613458529	0.0006414368184733803	0.001937984496124031	0.0	0.0	0.0025906735751295338	0.0022624434389140274	0.000517196793379881	0.0010422094841063053	0.0	0.003952569169960474	0.0	0.0010214504596527069	0.002135093167701863	0.001920614596670935	0.0001372872048325096	0.0034891835310537334	0.0015904572564612327	0.002412868632707776	6.785641582411617e-05	0.0003039398199156567	0.0002803083391730904	0.00028532298561972154	0.0002729887086222072	0.00036505410101777066	0.00028292100216906104	0.00021359407632428327	0.00042837842290835995	0.00026602819898909286	0.0001486546751895347	0.00020890782986546336	0.00047586087558401094	0.00027512062981461095	0.00023953052018044636	0.00034481094016150954
Patescibacteria	0.0	0.0012285012285012285	0.0009306654257794323	0.0	0.0008266284580623831	0.0008008290936498963	0.0005083884087442806	0.0015893197711379528	0.0012414649286157666	0.0	0.00027085590465872155	0.000574052812858783	0.0	0.0003912363067292645	0.0012828736369467607	0.0015856236786469346	0.0	0.0	0.0	0.0	0.001034393586759762	0.0026055237102657635	0.0009237875288683603	0.0	0.0	0.0020429009193054137	0.0007763975155279503	0.0006402048655569782	0.0013728720483250961	0.00104675505931612	0.0009940357852882705	0.0005361930294906167	0.0014249847323064401	0.000835834504768056	0.0002803083391730904	0.0005135813741154988	0.0006071645415907718	0.00073497559004911	0.0008801986734148562	0.0005695842035314218	0.0004942827956634923	0.0006916733173716413	0.00022298201278430203	0.0004178156597309267	0.0009733517909672962	0.0007407093879624139	0.0009182003273583778	0.0008689235692070015
Elusimicrobiota	0.0	0.0	0.00046533271288971617	0.0	0.0008266284580623829	0.0014603354060674578	0.0002541942043721403	0.0011125238397965672	0.00186219739292365	0.00199203187250996	0.0006771397616468039	0.0008610792192881745	0.0	0.000782472613458529	0.0	0.0007047216349541931	0.0	0.0	0.0	0.0022624434389140274	0.0012929919834497026	0.0006513809275664408	0.0009237875288683603	0.0013175230566534915	0.001001001001001001	0.0	0.00019409937888198756	0.0006402048655569782	0.0006864360241625481	0.0013956734124214933	0.0015904572564612327	0.00026809651474530834	0.0004749949107688132	0.0010257968922153416	0.0005138986218173324	0.0008559689568591644	0.0006071645415907715	0.0006230256657369948	0.0008173273395995094	0.0009493070058857029	0.0003954262365307938	0.00010641127959563714	0.0005202913631633714	0.0005849419236232974	0.0006056411143796506	0.000613730635740286	0.0005589045470877082	0.0005930748170777959
MBNT15	0.001669449081803005	0.0012285012285012285	0.00046533271288971617	0.0	5.510856387082553e-05	0.0	0.0	0.0003178639542275906	0.0	0.0	0.0005417118093174431	0.0	0.0	0.0003912363067292645	0.0006414368184733803	0.00035236081747709656	0.0	0.0	0.0012953367875647669	0.0	0.0	0.0	0.00046189376443418013	0.0	0.002002002002002002	0.0030643513789581204	0.00038819875776397513	0.0002134016218523261	0.0	0.0006978367062107466	0.00039761431411530816	0.00040214477211796245	0.0002714256632964647	0.0003419322974051138	0.000233590282644242	0.0	0.0002965222179861907	0.00036505410101777066	6.28713338153469e-05	0.00018986140117714068	0.0007579002866840213	0.0005320563979781857	0.0001486546751895347	0.0002297986128520097	0.0005191209551825575	0.0004444256327774487	0.0001596870134536309	0.0002758487521292076
Abditibacteriota	0.0	0.0	0.0009306654257794323	0.0	0.0002755428193541276	9.42151874882231e-05	0.0005083884087442806	0.0003178639542275906	0.0	0.0	0.0	0.0002870264064293915	0.0	0.0	0.0	0.00017618040873854828	0.006711409395973154	0.0	0.0	0.0	0.0	0.0	0.0	0.0	0.0	0.0	0.00038819875776397513	0.0008536064874093043	0.0	0.0	0.00019880715705765408	0.0	6.785641582411617e-05	0.00026594734242619964	0.0002803083391730904	0.00011412919424788861	0.00024004179551263033	0.0001606238044478192	0.00028292100216906104	0.00018986140117714068	0.00016476093188783075	0.00010641127959563714	0.0004459640255686041	0.000250689395838556	0.0004326007959854645	0.00027512062981461095	0.0003193740269072618	0.0002620563145227472
Fibrobacterota	0.0	0.0	0.0	0.0	0.0009368455858040339	0.0002826455624646693	0.0	0.0001589319771137953	0.0	0.0	0.0	0.0	0.0	0.0	0.0	0.0	0.006711409395973154	0.0	0.0	0.0	0.0	0.0	0.0	0.0	0.0	0.0	0.0	0.0	0.0001372872048325096	0.0003489183531053733	0.0	0.0	0.00013571283164823234	7.598495497891418e-05	0.0001401541695865452	5.7064597123944306e-05	0.00012237424869271358	0.00012168470033925696	0.00022004966835371414	0.00011866337573571293	0.0001318087455102646	0.00021282255919127428	0.0	0.00010445391493273167	0.0005191209551825575	0.0006983831372217048	0.0003193740269072618	0.000144820594867834
WPS-2	0.0	0.0	0.00046533271288971617	0.0	5.510856387082553e-05	0.0	0.0	0.00047679593134138587	0.0	0.0	0.0	0.0	0.0	0.0003912363067292645	0.0006414368184733803	0.0	0.0	0.0	0.0	0.0	0.0	0.0	0.0	0.0	0.0	0.0	0.0005822981366459627	0.0	0.0	0.0	0.0	0.0006702412868632708	6.785641582411617e-05	0.000417917252384028	0.0003270263957019388	0.0003994521798676102	0.0001741479692934769	0.0001800933565021003	0.00100594134104555	0.000617049553825707	9.885655913269845e-05	0.0001596169193934557	0.0001486546751895347	0.00018801704687891702	0.0001514102785949126	6.348937611106407e-05	0.00019960876681703862	0.00015171681367106416
Nitrospinota	0.0	0.0	0.0	0.0	0.0	0.0	0.0	0.0	0.0	0.0	0.0	0.0	0.0	0.0	0.0	0.0	0.006711409395973154	0.0	0.0	0.0	0.0	0.0	0.0	0.0	0.0	0.0	0.0	0.0	0.0	0.0	0.0	0.0	0.0	0.0	0.0	0.0	0.0	0.0	0.0	0.0	0.0	0.0	0.0	0.0	0.0	0.0	0.0	0.0
WS2	0.0	0.0	0.0	0.0	0.0	4.710759374411155e-05	0.0005083884087442806	0.0001589319771137953	0.0	0.0	0.0	0.000574052812858783	0.0	0.0	0.0	0.0	0.0	0.0	0.0	0.0	0.0	0.000781657113079729	0.00046189376443418013	0.0	0.0	0.0	0.00038819875776397513	0.0006402048655569782	0.0002745744096650192	0.0	0.00039761431411530816	0.00026809651474530834	0.0	0.00011397743246837128	0.0	0.00011412919424788861	0.00010354744120152687	8.274559623069472e-05	6.28713338153469e-05	0.0001661287260299981	0.0001977131182653969	0.0001596169193934557	0.0003716366879738367	4.178156597309267e-05	6.489011939781969e-05	6.348937611106407e-05	3.992175336340772e-05	0.0001310281572613736
Nanoarchaeota	0.0	0.0	0.0	0.0	0.0	9.42151874882231e-05	0.0	0.0	0.0	0.0	0.0	0.0	0.0	0.0	0.0	0.0	0.0	0.0	0.0	0.0	0.0	0.0	0.0009237875288683603	0.002635046113306983	0.0	0.0	0.0	0.0004268032437046522	0.0	0.0	0.0	0.0	6.785641582411617e-05	3.799247748945709e-05	4.67180565288484e-05	0.0	2.353350936398338e-05	3.4071716094991945e-05	0.0	2.3732675147142585e-05	0.0	5.320563979781857e-05	0.0	0.0	0.0	2.1163125370354693e-05	0.0	2.0688656409690565e-05
Spirochaetota	0.0	0.0	0.00046533271288971617	0.0	0.0	0.0	0.0	0.0	0.0	0.00199203187250996	0.0	0.0	0.0	0.0	0.0	0.0	0.0	0.0	0.0	0.0	0.0	0.0002605523710265763	0.0	0.0	0.0	0.0	0.0	0.0002134016218523261	0.0	0.0	0.0	0.0	0.0	0.0	0.0	0.0	9.41340374559335e-06	0.0	0.0	2.3732675147142585e-05	0.0	0.0	0.0	0.0	0.0	2.1163125370354693e-05	0.0	0.0
Thermoplasmatota	0.0	0.0	0.0	0.0	0.0	0.0	0.0	0.0003178639542275906	0.0	0.0	0.00013542795232936077	0.0	0.0	0.0	0.0	0.0	0.0	0.0	0.0	0.0	0.0	0.0	0.0	0.0	0.0	0.0	0.0005822981366459627	0.0	0.0	0.0	0.0	0.0	6.785641582411617e-05	0.00015196990995782836	0.0	5.7064597123944306e-05	3.765361498237341e-05	2.9204328081421666e-05	0.00018861400144604067	4.746535029428517e-05	6.59043727551323e-05	5.320563979781857e-05	0.0	2.0890782986546335e-05	4.326007959854646e-05	0.0	0.0	0.0
SAR324_clade(Marine_group_B)	0.0	0.0	0.0	0.0	0.0	0.0	0.0	0.0001589319771137953	0.0	0.0	0.0	0.0	0.0	0.0003912363067292645	0.0	0.0	0.0	0.0	0.0	0.0	0.0	0.0	0.0	0.0	0.0	0.0	0.00019409937888198756	0.0	0.0	0.0	0.0	0.0	6.785641582411617e-05	7.598495497891418e-05	0.0	0.0	4.7067018727966764e-05	2.9204328081421666e-05	0.0	0.0	0.0	0.0	0.0	2.0890782986546335e-05	0.00010815019899636615	0.00010581562685177347	0.0	1.3792437606460377e-05
Hydrogenedentes	0.0	0.0	0.0	0.0	0.0	0.0	0.0	0.0	0.0	0.0	0.0	0.0	0.0	0.0	0.0	0.0	0.0	0.0	0.0	0.0	0.0	0.0	0.0	0.0	0.0	0.0	0.0	0.0	0.0	0.0	0.0005964214711729623	0.0	0.0	7.598495497891418e-05	0.0	5.7064597123944306e-05	2.353350936398338e-05	4.38064921221325e-05	0.0	0.0	0.0	0.0	0.0	0.0	0.0	0.0	0.0	5.516975042584151e-05
GAL15	0.0	0.0	0.0	0.0	0.0	0.0	0.0	0.0001589319771137953	0.0	0.0	0.00013542795232936077	0.0	0.0	0.0	0.0	0.0	0.0	0.0	0.0	0.0	0.0	0.0	0.0	0.0	0.0	0.0	0.0	0.0	0.0	0.0	0.0	0.0	0.0	3.799247748945709e-05	0.0	5.7064597123944306e-05	1.88268074911867e-05	1.946955205428111e-05	0.0	7.119802544142775e-05	0.0	5.320563979781857e-05	7.432733759476735e-05	4.178156597309267e-05	0.0	0.0	0.0	0.0
Deinococcota	0.0	0.0	0.0	0.0	0.0	0.0	0.0	0.0	0.0	0.0	0.0	0.0	0.0	0.0	0.0	0.0	0.0	0.0	0.0	0.0	0.0	0.0	0.0	0.0	0.0	0.0	0.0	0.0	0.0	0.0	0.0	0.0	0.0	3.799247748945709e-05	9.34361130576968e-05	0.0	4.706701872796675e-06	9.734776027140555e-06	3.143566690767345e-05	0.0	0.0	5.320563979781857e-05	0.0	0.0	0.0	2.1163125370354693e-05	0.0	6.896218803230189e-06
Fusobacteriota	0.0	0.0	0.0	0.0	0.0	0.0	0.0	0.0001589319771137953	0.0	0.0	0.0	0.0	0.0	0.0	0.0	0.0	0.0	0.0	0.0	0.0	0.0	0.0	0.0	0.0	0.0	0.0	0.0	0.0	0.0	0.0	0.0	0.0	0.0	0.0	0.0	0.0	0.0	0.0	0.0	0.0	0.0	0.0	0.0	0.0	0.0	0.0	0.0	0.0
FCPU426	0.0	0.0	0.0	0.0	0.0	0.0	0.0	0.0	0.0	0.0	0.0	0.0	0.0	0.0	0.0	0.0	0.0	0.0	0.0	0.0	0.0	0.0	0.0	0.0	0.0	0.0	0.0	0.0	0.0	0.0	0.0	0.0	6.785641582411617e-05	0.0	0.0	0.0	1.88268074911867e-05	2.4336940067851388e-05	0.0	0.0	0.0	0.0	0.0	0.0	0.0	0.0	0.0	6.896218803230189e-06
Archaea_unclassified	0.0	0.0	0.0	0.0	0.0	4.710759374411155e-05	0.0	0.0	0.0	0.0	0.0	0.0	0.0	0.0	0.0	0.0	0.0	0.0	0.0	0.0	0.0	0.0	0.0	0.0	0.0	0.0	0.0	0.0	0.0	0.0	0.0	0.0	0.0	0.0	0.0	0.0	9.41340374559335e-06	9.734776027140555e-06	0.0	4.746535029428517e-05	0.0	0.0	0.0	0.0	0.0	0.0	0.0	0.0
WS4	0.0	0.0	0.0	0.0	0.0	0.0	0.0	0.0	0.0	0.0	0.0	0.0	0.0	0.0	0.0	0.0	0.0	0.0	0.0	0.0	0.0	0.0	0.0	0.0	0.0	0.0	0.0	0.0	0.0	0.0	0.0	0.0	0.0	0.0	0.0	0.0	4.706701872796675e-06	4.8673880135702774e-06	0.0	0.0	0.0	5.320563979781857e-05	0.0	0.0	0.0	2.1163125370354693e-05	0.0	1.3792437606460377e-05
Euryarchaeota	0.0	0.0	0.0	0.0	0.0	0.0	0.0	0.0	0.0	0.0	0.0	0.0	0.0	0.0	0.0	0.0	0.0	0.0	0.0	0.0	0.0	0.0	0.0	0.0	0.0	0.0	0.0	0.0	0.0	0.0	0.0	0.0	0.0	0.0	0.0	0.0	0.0	0.0	0.0	0.0	0.0	0.0	0.0	0.0	0.0	2.1163125370354693e-05	3.992175336340772e-05	2.7584875212920755e-05
Margulisbacteria	0.0	0.0	0.0	0.0	0.0	0.0	0.0	0.0	0.0	0.0	0.0	0.0	0.0	0.0	0.0	0.0	0.0	0.0	0.0	0.0	0.0	0.0	0.0	0.0	0.0	0.0	0.0	0.0	0.0	0.0	0.0	0.0	0.0	0.0	0.0	0.0	0.0	9.734776027140555e-06	0.0	0.0	0.0	0.0	0.0	0.0	0.0	0.0	0.0	0.0
Halanaerobiaeota	0.0	0.0	0.0	0.0	0.0	0.0	0.0	0.0	0.0	0.0	0.0	0.0	0.0	0.0	0.0	0.0	0.0	0.0	0.0	0.0	0.0	0.0	0.0	0.0	0.0	0.0	0.0	0.0	0.0	0.0	0.0	0.0	0.0	0.0	0.0	0.0	0.0	0.0	0.0	0.0	0.0	0.0	0.0	0.0	0.0	0.0	0.0	6.896218803230189e-06
Halobacterota	0.0	0.0	0.0	0.0	0.0	0.0	0.0	0.0	0.0	0.0	0.0	0.0	0.0	0.0	0.0	0.0	0.0	0.0	0.0	0.0	0.0	0.0	0.0	0.0	0.0	0.0	0.0	0.0	0.0	0.0	0.0	0.0	0.0	0.0	0.0	0.0	0.0	0.0	0.0	0.0	0.0	0.0	0.0	0.0	0.0	0.0	0.0	6.896218803230189e-06
TA06	0.0	0.0	0.0	0.0	0.0	0.0	0.0	0.0	0.0	0.0	0.0	0.0	0.0	0.0	0.0	0.0	0.0	0.0	0.0	0.0	0.0	0.0	0.0	0.0	0.0	0.0	0.0	0.0	0.0	0.0	0.0	0.0	0.0	0.0	0.0	0.0	4.706701872796675e-06	0.0	0.0	0.0	0.0	0.0	0.0	0.0	0.0	0.0	0.0	0.0
