	Alphaproteobacteria	Thermoleophilia	Verrucomicrobiae	Subgroup_6	Blastocatellia_(Subgroup_4)	Planctomycetacia	Actinobacteria	Gammaproteobacteria	Deltaproteobacteria	Bacilli	Bacteria_unclassified	Acidimicrobiia	Acidobacteriia	Bacteroidia	NC10	Gemmatimonadetes	MB-A2-108	Phycisphaerae	Chloroflexia	KD4-96	Nitrososphaeria	Anaerolineae	Rubrobacteria	Holophagae	TK10	Armatimonadetes_class	Entotheonellia	Subgroup_5	Clostridia	Actinobacteria_unclassified	Ktedonobacteria	Subgroup_17	Subgroup_25	Chlamydiae	Latescibacteria_cl	Thermoanaerobaculia	Babeliae	Dehalococcoidia	Chloroflexi_unclassified	Subgroup_22	OM190	S0134_terrestrial_group	Proteobacteria_unclassified	Gitt-GS-136	Chthonomonadetes	Nitrospira	Subgroup_11	JG30-KF-CM66	Melainabacteria	Subgroup_18	Acidobacteria_unclassified	Fimbriimonadia	Erysipelotrichia	BRC1_cl	OLB14	Longimicrobia	Lineage_IIa	Oxyphotobacteria	Latescibacteria	Negativicutes	Pla4_lineage	Planctomycetes_unclassified	Armatimonadia	Parcubacteria	Ignavibacteria	BD2-11_terrestrial_group	Sericytochromatia	0319-7L14	Fibrobacteria	AKAU4049	Lineage_IIb	Firmicutes_unclassified	AT-s3-28	AD3	FBP_cl	Coriobacteriia	Elusimicrobia	Pla3_lineage	WS2_cl	Armatimonadetes_unclassified	vadinHA49	Bacteroidetes_unclassified	Mollicutes	Woesearchaeia	Omnitrophia	Subgroup_15	GAL15_cl	Microgenomatia	Nitriliruptoria	Gracilibacteria	Rhodothermia	Omnitrophicaeota_cl	Cyanobacteria_unclassified	Patescibacteria_class	Saccharimonadia	WS4_cl	Chitinivibrionia	Lineage_IIc	ABY1	Subgroup_20	Dadabacteriia	Euryarchaeota_unclassified	Latescibacteria_unclassified	BD7-11	Methanobacteria	4-29-1	P2-11E	Hydrogenedentia	Archaea_unclassified	Thermodesulfovibrionia	028H05-P-BN-P5	SHA-26	Thermoplasmata	WPS-2_cl	Margulisbacteria_cl	Omnitrophicaeota_unclassified	Gemmatimonadetes_unclassified	Berkelbacteria	Subgroup_9	Patescibacteria_unclassified	Nanoarchaeaeota_unclassified	Kiritimatiellae	Elusimicrobia_unclassified	Deinococci	Subgroup_19	FFCH16263	Subgroup_21	KIST-JJY010	Fibrobacteres_unclassified	Limnochordia	Methanomicrobia
ca4a	0.16683123346103915	0.10529641771001925	0.01899759074213045	0.13045538923338276	0.0770172597653931	0.04810616533038472	0.044630514633279515	0.07614834709111637	0.062166752241400086	0.01567992416762113	0.02219676922469306	0.020261463722895903	0.008926102926655853	0.015482444014376515	0.009637031478336418	0.01560093210632328	0.01248074568505864	0.007306765670050165	0.008017694221730716	0.008175678344326389	0.0319127927643272	0.011532840949484544	0.00971602353963426	0.0036336348197006183	0.004423555432679015	0.005094987953710654	0.006990797424858806	0.0037521229116473783	0.0027252261147754616	0.00288321023737114	0.0010268967968719144	0.003001698329317901	0.001500849164658952	0.0022117777163395066	0.0028832102373711433	0.0028832102373711433	0.0019353055017970696	0.0015798412259567915	0.0012243769501165134	0.0024092578695841054	0.0015798412259567915	0.003120186421264661	0.0012243769501165134	0.0012638729807654331	0.0006714325210316364	0.003949603064891978	0.0006714325210316364	0.0006714325210316364	0.00023697618389351873	0.0003949603064891978	0.0006319364903827166	0.0005134483984359572	0.00011848809194675935	0.0002369761838935187	0.000750424582329476	0.0006714325210316364	0.0005924404597337968	0.00011848809194675935	0.000750424582329476	0.00019748015324459894	0.00023697618389351873	0.0006714325210316364	3.9496030648919786e-05	3.9496030648919786e-05	0.00019748015324459894	0.0005134483984359572	0.00011848809194675935	0.00023697618389351873	7.899206129783957e-05	0.0003159682451913583	0.0003159682451913583	0.00011848809194675935	0.00019748015324459894	0.0	3.9496030648919786e-05	0.00011848809194675935	0.00019748015324459894	0.00011848809194675935	7.899206129783957e-05	0.0	3.9496030648919786e-05	7.899206129783957e-05	0.0	7.899206129783957e-05	0.0	0.00019748015324459894	0.00011848809194675935	3.9496030648919786e-05	3.9496030648919786e-05	3.9496030648919786e-05	0.00019748015324459894	3.9496030648919786e-05	0.0	0.0	0.0	7.899206129783957e-05	0.0	3.9496030648919786e-05	0.0	3.9496030648919786e-05	0.0	0.0	0.0	0.0	0.0	3.9496030648919786e-05	0.0	3.9496030648919786e-05	0.0	0.0	0.0	0.0	0.0	3.9496030648919786e-05	0.0	3.9496030648919786e-05	0.0	0.0	0.0	0.0	3.9496030648919786e-05	3.9496030648919786e-05	0.0	0.0	0.0	0.0	0.0	0.0	0.0	0.0	0.0
ca4b	0.1487073647621129	0.10659714678832717	0.018611050763994608	0.13610688681294886	0.08447389383735279	0.051777826055471876	0.04587587805054708	0.06550076037366982	0.05145195162575184	0.013831559128104859	0.022014628141067725	0.020095589832717965	0.007205445723803316	0.01227460351944384	0.012600477949163589	0.013252226808603084	0.01263668621913245	0.008834817872402057	0.010898689260627127	0.012129770439568397	0.04558621189079591	0.015026432037077268	0.008762401332464335	0.0036570352668549495	0.0033311608371352015	0.005974364544862046	0.006481280324426099	0.002824245057571149	0.002534578897820262	0.0031139112173220363	0.000941415019190383	0.003946701426605837	0.0012310811789412702	0.0032949525671663407	0.0038742848866681148	0.002896661597508871	0.0021362879281627925	0.001882830038380766	0.0017379969585053225	0.0024983706278514013	0.0016655804185676008	0.0023535375479759577	0.0010500398290969658	0.0027156202476645666	0.0005793323195017742	0.0033673691071040624	0.0006155405894706351	0.0009052067492215222	0.00036208269968860887	0.0007603736693460786	0.0008689984792526613	0.0005069157795640525	7.241653993772178e-05	0.000325874429719748	0.000651748859439496	0.00039829096965746975	0.00043449923962633063	0.0	0.00039829096965746975	0.00021724961981316532	0.00039829096965746975	0.00043449923962633063	0.00014483307987544355	0.0005431240495329133	0.00043449923962633063	0.00043449923962633063	3.620826996886089e-05	0.00010862480990658267	0.00010862480990658267	0.000325874429719748	0.00021724961981316534	3.620826996886089e-05	0.00014483307987544355	0.0	0.00010862480990658267	3.620826996886089e-05	0.0	7.241653993772178e-05	0.00018104134984430444	3.620826996886089e-05	0.00010862480990658267	0.00010862480990658267	0.0	0.0	0.00010862480990658267	0.00014483307987544355	0.00010862480990658266	7.241653993772178e-05	0.0	0.00014483307987544355	0.00010862480990658267	0.00010862480990658267	0.0	0.0	3.620826996886089e-05	3.620826996886089e-05	0.0	0.0	0.0	0.0	0.0	0.0	3.620826996886089e-05	0.0	0.0	0.0	0.0	7.241653993772178e-05	0.0	0.0	0.0	0.0	3.620826996886089e-05	3.620826996886089e-05	0.0	0.0	3.620826996886089e-05	0.0	0.0	0.0	0.0	3.620826996886089e-05	0.0	0.0	0.0	0.0	0.0	0.0	0.0	0.0	0.0
ca5a	0.20261929850971083	0.10059461086858237	0.15757188017462045	0.052950474183351	0.05810627728435961	0.05423001655878404	0.046176426313412726	0.024499473129610223	0.040907722414571884	0.07560590094836607	0.014714737317477125	0.011628782176727408	0.02897787144362492	0.011892217371669452	0.01877916603944002	0.010010537407797698	0.0057203070901701	0.008994430227306947	0.005645039891615226	0.005456871895228059	0.0007150383862712629	0.005080535902453706	0.001806412765316875	0.003951527924130664	0.0036504591299111864	0.003085955140749663	0.0054945054945054915	0.005795574288724974	0.004365497516182447	0.0016558783682071364	0.005946108685834703	0.0035375583320788823	0.003575191931356315	0.002897787144362491	0.0011666415776004821	0.0006397711877163931	0.0012795423754327871	0.0004516031913292187	0.0007903055848261327	0.0007150383862712629	0.0004892367906066536	7.52671985548698e-05	0.0007903055848261327	3.76335992774349e-05	0.001166641577600482	3.76335992774349e-05	0.0008279391841035677	0.00011290079783230469	0.0004516031913292187	0.00026343519494204424	0.00026343519494204424	0.00026343519494204424	0.0001505343971097396	0.00037633599277434894	0.00018816799638717447	0.0	0.0001505343971097396	0.0005268703898840885	3.76335992774349e-05	0.00018816799638717447	0.0001505343971097396	0.00018816799638717447	7.52671985548698e-05	0.00011290079783230469	7.52671985548698e-05	0.0	0.0	0.0	3.76335992774349e-05	0.0	0.00011290079783230469	0.00018816799638717447	7.52671985548698e-05	0.00011290079783230469	3.76335992774349e-05	0.0	3.76335992774349e-05	7.52671985548698e-05	3.76335992774349e-05	3.76335992774349e-05	3.76335992774349e-05	3.76335992774349e-05	0.0	0.0	0.0	3.76335992774349e-05	0.0	3.76335992774349e-05	0.0	3.76335992774349e-05	3.76335992774349e-05	7.52671985548698e-05	0.0	0.0	0.0	7.52671985548698e-05	0.0	0.0	3.76335992774349e-05	0.0	0.0	0.0	7.52671985548698e-05	0.0	0.0	0.0	0.0	0.0	7.52671985548698e-05	0.0	0.0	0.0	0.0	0.0	0.0	0.0	0.0	0.0	0.0	0.0	0.0	0.0	0.0	0.0	0.0	0.0	0.0	0.0	0.0	0.0	0.0
ca5b	0.1927018943170447	0.09934197407776688	0.14767696909272013	0.06348953140578273	0.05579262213359925	0.05750747756729829	0.04470588235294124	0.02903290129611173	0.04131605184446666	0.07401794616151552	0.01467597208374879	0.011844466600199421	0.029870388833499528	0.013798604187437708	0.016709870388833502	0.00929212362911267	0.005663010967098709	0.009012961116650064	0.004945164506480565	0.006580259222333004	0.00035892323030907274	0.0057427716849451724	0.0019142572283150547	0.0048255234297108675	0.004466600199401799	0.003748753738783652	0.005862412761714857	0.007298105682951148	0.005184446660019947	0.0022731804586241288	0.006500498504486552	0.00239282153539382	0.003668993020937189	0.0016749750747756724	0.0011166500498504483	0.0013958125623130607	0.001914257228315054	0.0005583250249252242	0.0007976071784646059	0.0007178464606181455	0.001076769690927218	0.00011964107676969092	0.0007178464606181453	0.0002791625124626122	0.0010368893320039877	0.0	0.0005982053838484546	0.00019940179461615153	0.000398803589232303	0.00015952143569292123	0.00035892323030907274	0.00031904287138584246	0.0004386839481555334	0.00035892323030907274	0.00011964107676969092	7.976071784646061e-05	0.00015952143569292123	0.000398803589232303	0.00015952143569292123	0.0003988035892323031	0.00015952143569292123	0.00023928215353938184	0.00015952143569292123	0.00011964107676969092	7.976071784646061e-05	3.988035892323031e-05	0.0002791625124626122	0.0	3.988035892323031e-05	0.0	0.0	3.988035892323031e-05	7.976071784646061e-05	0.00015952143569292123	0.0	3.988035892323031e-05	0.00011964107676969092	7.976071784646061e-05	0.00015952143569292123	0.0	0.0	3.988035892323031e-05	0.00011964107676969092	3.988035892323031e-05	3.988035892323031e-05	0.0	3.988035892323031e-05	0.0	0.0	0.0	0.0	0.0	7.976071784646061e-05	0.0	0.0	0.0	0.0	3.988035892323031e-05	3.988035892323031e-05	0.0	0.0	0.0	0.0	0.0	0.0	0.0	0.0	0.0	0.0	0.0	0.0	0.0	0.0	0.0	0.0	0.0	0.0	0.0	0.0	0.0	0.0	0.0	0.0	0.0	0.0	0.0	0.0	0.0	0.0	0.0	0.0
ca6a	0.16659305064782132	0.12765017667844544	0.06308892815076568	0.08797114252061254	0.06154299175500594	0.05661071849234416	0.04520023557126038	0.04969081272084816	0.05749411071849249	0.03099234393404009	0.01950824499411075	0.016121908127208498	0.008613074204946997	0.01891931684334514	0.022305653710247366	0.011925795053003545	0.017741460541813907	0.007361601884570073	0.01354534746760897	0.011999411071849236	0.0009570082449941107	0.010747938751472334	0.0040488810365135455	0.0038280329799764436	0.006919905771495875	0.0072143698468786766	0.005005889281507654	0.003018256772673734	0.008244994110718487	0.004490577149587748	0.004269729093050649	0.005668433451118962	0.007582449941107183	0.0008833922261484098	0.002871024734982333	0.0047114252061248516	0.0019876325088339234	0.0028710247349823326	0.001398704358068316	0.0010306242638398115	0.0015459363957597179	0.001840400471142521	0.0009570082449941106	0.0005889281507656066	0.0012514723203769142	0.00014723203769140164	0.0006625441696113074	0.0003680800942285041	0.0009570082449941106	0.0006625441696113074	0.00014723203769140164	0.0005889281507656066	0.0009570082449941107	0.0005153121319199057	0.00022084805653710247	7.361601884570082e-05	0.00014723203769140164	0.00014723203769140164	0.0007361601884570083	0.0007361601884570082	0.00014723203769140164	7.361601884570082e-05	0.00022084805653710247	0.0002944640753828033	0.00022084805653710247	0.0	0.00036808009422850414	0.00022084805653710247	7.361601884570082e-05	0.00014723203769140164	0.00014723203769140164	0.00014723203769140164	0.00022084805653710247	7.361601884570082e-05	7.361601884570082e-05	0.0005153121319199057	0.00022084805653710247	0.0	7.361601884570082e-05	7.361601884570082e-05	0.0	0.00014723203769140164	0.00036808009422850414	7.361601884570082e-05	0.0	0.0	0.0	0.0	0.0	0.0	0.0	0.0	7.361601884570082e-05	0.0	0.0	0.0	0.0	0.0	7.361601884570082e-05	0.0	0.0	0.0	0.0	0.0	0.0	0.0	0.0	0.0	0.0	0.0	0.0	0.0	0.0	0.0	0.0	0.0	0.0	0.0	0.0	0.0	0.0	0.0	0.0	0.0	7.361601884570082e-05	0.0	0.0	0.0	0.0	0.0	0.0
ca6b	0.17504987923973706	0.13950435787042023	0.059855087682453186	0.08978263152367931	0.05775490916727945	0.058332458258952676	0.043683713115615	0.046308936259582364	0.05565473065210588	0.03297280268822855	0.018376562007770596	0.017116454898666346	0.009345794392523346	0.014911267457733869	0.017799012916097864	0.014018691588785017	0.019006615562322794	0.009188281003885307	0.010238370261472207	0.009975847947075497	0.0006300535545521368	0.013756169274388289	0.0034652945500367534	0.004410374881864957	0.005722986453848571	0.006195526619762671	0.00488291504777906	0.0039903391788302005	0.007875669431901692	0.004830410584899711	0.004252861493226922	0.004830410584899716	0.006353040008400711	0.0013126115719836187	0.002310196366691169	0.0039903391788302005	0.0011025937204662396	0.0021001785151737898	0.0016276383492596872	0.0008925758689488607	0.0007875669431901712	0.0009975847947075501	0.0009450803318282055	0.00042003570303475793	0.0013126115719836187	0.0	0.0008925758689488606	0.00042003570303475793	0.0005775490916727922	0.000630053554552137	0.0002625223143967237	0.0003150267772760684	0.0011550981833455844	0.0005250446287934474	0.00021001785151737897	0.0003150267772760684	0.00021001785151737897	0.0003150267772760685	0.0007875669431901712	0.00047254016591410274	0.00042003570303475793	0.00042003570303475793	0.00036753124015541323	0.00010500892575868948	0.0003150267772760684	5.250446287934474e-05	0.0002625223143967237	0.0	0.0003150267772760685	0.0003150267772760685	0.00010500892575868948	0.0001575133886380342	5.250446287934474e-05	5.250446287934474e-05	0.0001575133886380342	0.000420035703034758	0.0	0.0001575133886380342	5.250446287934474e-05	0.0001575133886380342	0.00010500892575868948	0.0	0.00021001785151737897	0.0001575133886380342	5.250446287934474e-05	0.0	5.250446287934474e-05	0.0	0.0	0.0	0.0	0.0	5.250446287934474e-05	0.0	0.00010500892575868948	0.0	5.250446287934474e-05	0.0	5.250446287934474e-05	0.00010500892575868948	0.0	0.0	5.250446287934474e-05	0.0	0.0	0.0	0.0	0.0	5.250446287934474e-05	0.0	0.0	0.0	0.0	0.0	0.0	0.0	0.0	5.250446287934474e-05	0.0	0.0	5.250446287934474e-05	0.0	0.0	0.0	0.0	0.0	0.0	0.0	0.0	0.0	0.0
cb4a	0.1724337908370371	0.14293446742702423	0.017243379083703877	0.12097428958051346	0.08911656678909698	0.043611057413492804	0.04461627682196002	0.06387009472259779	0.04484825053160611	0.023390682389329284	0.019099168760873843	0.022694761260390592	0.011405374057606783	0.011366711772665744	0.00742315870867968	0.014614343707713104	0.009781558090083117	0.008196404407500465	0.008196404407500468	0.008235066692441515	0.03007925768412913	0.01078677749855014	0.007848443843031117	0.005026097042335198	0.004484825053160637	0.004484825053160639	0.004716798762806878	0.0018557896771699209	0.0034796056446936017	0.002513048521167601	0.00034796056446936017	0.0036729170693988017	0.0016624782524647208	0.0030543205103421615	0.001971776531993041	0.0017784651072878408	0.0013918422578774407	0.0027063599458728013	0.0013918422578774407	0.001933114247052001	0.001894451962110961	0.002010438816934081	0.0008119079837618404	0.0015078291127005607	3.866228494104002e-05	0.0024743862362265607	0.0005799342741156003	0.0015851536825826408	0.0002319737096462401	0.0001933114247052001	0.0005026097042335202	0.0005026097042335202	0.0006959211289387203	0.0002319737096462401	0.0016238159675236806	0.0005799342741156003	0.00034796056446936017	3.866228494104002e-05	0.0003866228494104002	0.00011598685482312006	0.00027063599458728013	0.0002319737096462401	7.732456988208004e-05	0.00015464913976416007	0.0001933114247052001	0.0006572588439976803	0.00011598685482312006	0.00015464913976416007	0.00011598685482312006	0.00019331142470520006	0.00027063599458728013	0.00015464913976416007	3.866228494104002e-05	0.0	3.866228494104002e-05	3.866228494104002e-05	3.866228494104002e-05	0.00011598685482312006	7.732456988208004e-05	0.00011598685482312006	3.866228494104002e-05	7.732456988208004e-05	7.732456988208004e-05	3.866228494104002e-05	0.00015464913976416007	3.866228494104002e-05	7.732456988208004e-05	0.00015464913976416007	7.732456988208004e-05	3.866228494104002e-05	0.0	7.732456988208004e-05	0.0	3.866228494104002e-05	0.0	0.0	0.0	3.866228494104002e-05	0.0	0.0	0.0	0.0	0.0	3.866228494104002e-05	0.00019331142470520006	0.0	0.0	3.866228494104002e-05	0.0	0.0	0.0	0.0	0.0	0.0	0.0	3.866228494104002e-05	3.866228494104002e-05	0.0	0.0	0.0	0.0	0.0	0.0	3.866228494104002e-05	0.0	0.0	3.866228494104002e-05	0.0	0.0	0.0	0.0
cb4b	0.1858988891407861	0.13109272273860847	0.019099977329403727	0.09748356381772773	0.10133756517796366	0.04794831104058073	0.040807073226025996	0.06999546588075217	0.04947857628655657	0.02159374291543862	0.02165041940603028	0.01892994785762862	0.010315121287689886	0.011958739514849263	0.00986170936295625	0.013205622307866725	0.011051915665382004	0.009635003400589462	0.010145091815914782	0.00935162094763093	0.023917479029698468	0.010825209703015216	0.007367943776921339	0.005497619587395151	0.005327590115620048	0.004760825209703017	0.004704148719111317	0.001416912264792564	0.003740648379052368	0.0027771480389934254	0.0009068238494672409	0.003287236454318748	0.001813647698934482	0.0018136476989344815	0.002153706642484697	0.0017002947177510767	0.0007367943776921331	0.001416912264792564	0.001756971208342779	0.002550442076626615	0.002153706642484697	0.0026071185672183173	0.0013602357742008612	0.001927000680117887	0.0002833824529585128	0.0017569712083427792	0.0002833824529585128	0.0009068238494672409	0.00017002947177510768	0.0004534119247336205	0.0006801178871004306	0.0005667649059170255	0.0003967354341419179	0.00045341192473362043	0.0009635003400589435	0.0002833824529585128	0.00022670596236681024	5.667649059170256e-05	0.0002833824529585128	5.667649059170256e-05	0.0005100884153253231	0.00045341192473362043	5.667649059170256e-05	0.00011335298118340512	0.00022670596236681024	0.00034005894355021535	5.667649059170256e-05	0.000510088415325323	0.00017002947177510768	0.0006801178871004307	0.00017002947177510768	5.667649059170256e-05	0.00011335298118340512	0.0	0.00011335298118340512	0.0	0.00017002947177510768	5.667649059170256e-05	5.667649059170256e-05	0.00011335298118340512	0.0	0.0	0.00011335298118340512	5.667649059170256e-05	0.0	5.667649059170256e-05	0.0	0.0	5.667649059170256e-05	0.0	5.667649059170256e-05	0.0	0.0	5.667649059170256e-05	0.0	0.00011335298118340512	0.0	5.667649059170256e-05	0.0	5.667649059170256e-05	0.0	0.0	0.0	5.667649059170256e-05	5.667649059170256e-05	0.0	0.0	0.0	0.0	0.0	0.0	0.0	0.0	0.0	0.0	0.0	0.0	0.0	0.0	0.0	0.0	0.0	0.0	5.667649059170256e-05	0.0	5.667649059170256e-05	0.0	0.0	0.0	0.0	0.0
cb5a	0.20217620217620086	0.09490171990171957	0.16720779220779156	0.05567743067743048	0.04703404703404685	0.057213057213056646	0.05247455247455233	0.03321340821340827	0.045147420147419765	0.04681467181467161	0.014303264303264417	0.01289926289926296	0.028869778869778952	0.014961389961390034	0.01939276939276941	0.01048613548613552	0.005177255177255177	0.008731133731133748	0.00487012987012987	0.005001755001755002	0.0013162513162513162	0.004431379431379431	0.003246753246753247	0.01088101088101089	0.004475254475254475	0.0029835029835029833	0.0042997542997543	0.006318006318006318	0.0021937521937521937	0.002764127764127764	0.006449631449631449	0.0020182520182520183	0.0019743769743769744	0.002457002457002457	0.0014478764478764478	0.000702000702000702	0.002106002106002106	0.0008775008775008774	0.0010091260091260091	0.0009213759213759213	0.0005703755703755704	0.0001755001755001755	0.0019305019305019303	0.0001755001755001755	0.0009213759213759213	0.00013162513162513163	0.0006581256581256581	0.00026325026325026325	0.0004387504387504387	4.387504387504387e-05	0.000351000351000351	0.0005265005265005265	0.0	0.00026325026325026325	0.0	0.00021937521937521936	0.00039487539487539485	0.00013162513162513163	4.387504387504387e-05	4.387504387504387e-05	8.775008775008775e-05	0.00021937521937521936	8.775008775008775e-05	0.0004387504387504387	0.00013162513162513163	0.0	4.387504387504387e-05	0.0004826254826254826	0.0001755001755001755	0.0	4.387504387504387e-05	8.775008775008775e-05	0.00013162513162513163	8.775008775008775e-05	0.00021937521937521936	0.0	8.775008775008775e-05	4.387504387504387e-05	0.0	0.0	0.0001755001755001755	0.0	0.0	0.0	4.387504387504387e-05	8.775008775008775e-05	8.775008775008775e-05	0.0	4.387504387504387e-05	8.775008775008775e-05	0.0	4.387504387504387e-05	4.387504387504387e-05	0.00013162513162513163	0.0	0.0	0.0	0.0	4.387504387504387e-05	0.0	0.0	4.387504387504387e-05	0.0	0.0	0.0	0.0	4.387504387504387e-05	0.0	0.0	0.0	0.0	0.0	0.0	0.0	0.0	0.0	4.387504387504387e-05	0.0	0.0	0.0	0.0	0.0	0.0	0.0	0.0	0.0	0.0	0.0	0.0	0.0	0.0
cb5b	0.22492044883604248	0.11065985597052347	0.14578797521353273	0.051959470775414685	0.037807737397421014	0.053257410818958885	0.05623011220901033	0.03052252554011073	0.04731200803885484	0.04668397253391408	0.01507285211857305	0.014151733377993608	0.027801038352034946	0.013942388209680094	0.018296767710601257	0.010257913247362237	0.005987271813766536	0.00757829509294924	0.005108022106849768	0.0038938201306313856	0.0013398090772064979	0.005652319544464904	0.003307653659353543	0.00988109194439792	0.005484843409814097	0.003182046558365435	0.004647462736560038	0.007536426059286549	0.0018422374811589337	0.0023027968514486696	0.005484843409814095	0.0019259755484843405	0.0015072852118573098	0.0016747613465081218	0.0015072852118573098	0.0007536426059286552	0.002009713615809746	0.0008792497069167645	0.0007117735722659524	0.0007536426059286553	0.0005442974376151399	0.00020934516831351533	0.001130463908892983	0.00020934516831351533	0.0007117735722659523	0.00020934516831351533	0.0004605593702897338	0.0005024284039524369	0.0003768213029643276	0.00020934516831351533	0.0003768213029643276	0.0003349522693016245	0.0	0.0005024284039524368	8.373806732540613e-05	0.00029308323563892143	0.00016747613465081226	0.00016747613465081226	8.373806732540613e-05	0.00016747613465081226	0.0002512142019762184	0.00020934516831351533	0.0003768213029643276	0.0001256071009881092	0.00029308323563892143	0.0001256071009881092	0.00016747613465081226	0.0003768213029643276	0.0002512142019762184	0.0	0.0001256071009881092	0.0002512142019762184	8.373806732540613e-05	0.0001256071009881092	4.1869033662703066e-05	0.0	8.373806732540613e-05	0.0	0.0	0.0	4.1869033662703066e-05	4.1869033662703066e-05	0.0	0.0	0.0	4.1869033662703066e-05	0.00016747613465081226	0.0	0.0	4.1869033662703066e-05	0.0	0.0	0.0	8.373806732540613e-05	4.1869033662703066e-05	0.0	8.373806732540613e-05	0.0	0.0	0.0	0.0	4.1869033662703066e-05	0.0	0.0	0.0	0.0	4.1869033662703066e-05	0.0	4.1869033662703066e-05	0.0	0.0	0.0	0.0	0.0	0.0	0.0	0.0	0.0	0.0	4.1869033662703066e-05	0.0	0.0	0.0	0.0	0.0	0.0	0.0	0.0	4.1869033662703066e-05	0.0	0.0
cb6a	0.1820482482087661	0.15302701636757818	0.04755800959705522	0.08331690001971882	0.07378557812397189	0.05741799776506968	0.04160915006902002	0.044107013738250316	0.05376980214290432	0.022809439295339563	0.024321304147768473	0.0235325050943273	0.010320120949188213	0.010648787221455347	0.017945178465785847	0.010681653848682063	0.019128377045947564	0.0072963912443304866	0.011503319529349916	0.010385854203641628	0.0008873989351212778	0.013179517517912326	0.005324393610727661	0.0033195293498981143	0.005160060474594089	0.00552159337408794	0.005357260237954376	0.002826529941497404	0.005587326628541367	0.004962860711233804	0.0043712614211529575	0.005653059882994803	0.004404128048379673	0.0031223295865378314	0.0029579964504042604	0.0015118648524288442	0.002037730888056269	0.001511864852428844	0.0014789982252021306	0.001018865444028134	0.001084598698481562	0.0004929994084007099	0.0014789982252021302	0.00029579964504042593	0.001413264970748702	3.2866627226713995e-05	0.0006244659173075659	0.000854532307894564	0.00029579964504042593	0.0013803983435219881	0.00029579964504042593	0.0003286662722671399	0.00013146650890685598	0.0004929994084007099	0.00016433313613356998	9.859988168014198e-05	0.00013146650890685598	0.00019719976336028398	0.00016433313613356998	0.0005587326628541379	0.0004601327811739959	9.859988168014198e-05	6.573325445342799e-05	0.0004601327811739958	0.00013146650890685598	0.0	6.573325445342799e-05	3.2866627226713995e-05	6.573325445342799e-05	0.00032866627226713996	6.573325445342799e-05	9.859988168014198e-05	6.573325445342799e-05	0.0	6.573325445342799e-05	0.00016433313613356998	6.573325445342799e-05	6.573325445342799e-05	0.00016433313613356998	0.00019719976336028398	0.00019719976336028398	3.2866627226713995e-05	3.2866627226713995e-05	0.00013146650890685598	3.2866627226713995e-05	6.573325445342799e-05	0.0	0.0	9.859988168014198e-05	6.573325445342799e-05	3.2866627226713995e-05	3.2866627226713995e-05	3.2866627226713995e-05	0.0	0.0	9.859988168014198e-05	3.2866627226713995e-05	0.00013146650890685598	3.2866627226713995e-05	3.2866627226713995e-05	0.0	0.0	0.0	0.0	0.0	9.859988168014198e-05	0.0	0.0	0.0	6.573325445342799e-05	3.2866627226713995e-05	0.0	0.0	0.0	0.0	0.0	0.0	0.0	6.573325445342799e-05	3.2866627226713995e-05	0.0	0.0	0.0	0.0	0.0	0.0	0.0	3.2866627226713995e-05	0.0	0.0	0.0
cb6b	0.18380267072580167	0.12737839894831562	0.054141008787103144	0.07790770082335878	0.07482875527572147	0.05888050923683723	0.043727945755206665	0.04902096450563922	0.05753130837888363	0.026257524389400207	0.02252127585968329	0.024320210336954383	0.011277935376738437	0.013042274960215918	0.019649899674808017	0.010482252819483876	0.020099633294125813	0.00774925620978343	0.012592541340898118	0.00999792430637239	0.0010032519200166056	0.010170898775340782	0.005846537051131252	0.0038054383173043655	0.00515463917525773	0.005984916626305953	0.005846537051131252	0.0028021863972877595	0.005085449387670377	0.005881131944924928	0.005050854493876701	0.004947069812495675	0.004912474918701998	0.002698401715906731	0.0039784127862727454	0.0009340621324292536	0.002110288521414238	0.0017643395834774785	0.00131460596415969	0.001037846813810282	0.0012800110703660142	0.0008994672386355777	0.0009686570262229301	0.00024216425655573237	0.0017297446896838023	6.918978758735211e-05	0.000588113194492493	0.0006918978758735213	0.0003805438317304366	0.0009340621324292534	0.0003805438317304366	0.00013837957517470422	3.4594893793676056e-05	0.0003113540441430845	0.00010378468138102817	0.00010378468138102817	0.00027675915034940844	0.0003113540441430845	0.0005535183006988169	0.00027675915034940844	0.00013837957517470422	0.00013837957517470422	0.0003113540441430845	0.0004497336193177887	0.00034594893793676054	0.0	0.00027675915034940844	6.918978758735211e-05	6.918978758735211e-05	0.00024216425655573237	3.4594893793676056e-05	0.00013837957517470422	0.00020756936276205632	0.0	6.918978758735211e-05	0.00013837957517470422	3.4594893793676056e-05	6.918978758735211e-05	3.4594893793676056e-05	3.4594893793676056e-05	6.918978758735211e-05	6.918978758735211e-05	6.918978758735211e-05	0.00010378468138102817	0.0	0.0	3.4594893793676056e-05	0.00010378468138102817	6.918978758735211e-05	0.0	0.0	0.0	6.918978758735211e-05	0.0	0.0	6.918978758735211e-05	6.918978758735211e-05	3.4594893793676056e-05	0.0	6.918978758735211e-05	0.0	0.0	0.0	0.0	3.4594893793676056e-05	0.00013837957517470422	6.918978758735211e-05	0.0	0.0	0.00013837957517470422	0.0	3.4594893793676056e-05	0.0	0.0	6.918978758735211e-05	0.0	0.0	0.0	6.918978758735211e-05	0.0	0.0	0.0	0.0	0.0	0.0	0.0	0.0	0.0	0.0	0.0	0.0
wa4a	0.18887345805081007	0.1528469896250289	0.02589657707703631	0.10974048961141404	0.06105165699970061	0.04547558750646786	0.05092176565095467	0.07153554992783714	0.04348773248372992	0.02034147536965943	0.019306701522206975	0.02807504833483115	0.012526209732320388	0.010810663616806953	0.008414345233232588	0.023990414726465795	0.007461264057947336	0.009122348392015938	0.009176810173460812	0.00590910328676851	0.01734607739019144	0.005473409035209541	0.013179751109658824	0.004111864499087765	0.004411404297034556	0.004738174985703782	0.003757862919696103	0.0020423168041826647	0.0011436974103422922	0.00334939955885957	0.00046292514228140404	0.00334939955885957	0.00231462571140702	0.0013070827546769056	0.0012526209732320343	0.002423549274296762	0.0008169267216730659	0.0020695476949051	0.001388775426844212	0.0011164665196198567	0.001443237208289083	0.0023418566021294555	0.0008713885031179369	0.0021240094763499712	0.0002450780165019198	0.0014160063175666475	0.0004901560330038395	0.0007080031587833237	0.00046292514228140404	0.00021784712577948426	0.0003540015793916619	0.000408463360836533	0.0003540015793916619	0.00010892356288974211	0.0008441576123955014	0.0006263104866160173	0.0004901560330038395	0.0001633853443346132	0.00016338534433461317	0.0	0.0003812324701140974	0.00029953979794679087	0.00010892356288974213	0.0001633853443346132	0.00029953979794679087	0.0002450780165019198	0.0003540015793916619	0.00013615445361217764	0.00024507801650191976	0.0002723089072243553	0.0001633853443346132	2.7230890722435532e-05	0.00010892356288974211	0.0	0.0001633853443346132	0.0	0.0002995397979467908	0.00016338534433461317	0.0001633853443346132	5.4461781444871064e-05	2.7230890722435532e-05	0.00010892356288974211	2.7230890722435532e-05	2.7230890722435532e-05	0.00021784712577948423	5.4461781444871064e-05	2.7230890722435532e-05	0.0	5.4461781444871064e-05	0.0	0.00010892356288974211	0.00021784712577948426	0.0	0.00010892356288974213	0.0	0.0	2.7230890722435532e-05	5.4461781444871064e-05	0.0	2.7230890722435532e-05	0.0001906162350570487	0.0	0.0	2.7230890722435532e-05	0.0	0.0	0.0	5.4461781444871064e-05	0.0	2.7230890722435532e-05	2.7230890722435532e-05	0.0	0.0	0.0	0.0	5.4461781444871064e-05	0.0	0.0	0.0	0.0	0.0	2.7230890722435532e-05	0.0	0.0	0.0	0.0	0.0	0.0	0.0	0.0	0.0
wa4b	0.1594531186797162	0.1415338564841017	0.027505865221260434	0.12195615241485344	0.06245449397297918	0.0634657390178778	0.04999595501981998	0.07212199660221685	0.04554647682226296	0.019335005258474248	0.02038670010516951	0.022490089798560008	0.010112450448992807	0.011366394304667921	0.012418089151363162	0.021519294555456696	0.006957365908907048	0.012296739745975262	0.011649542917239719	0.008049510557398271	0.014764177655529492	0.006997815710703026	0.012660787962138988	0.004570827602944747	0.005137124828088346	0.006067470269395685	0.004004530377801151	0.0023865383059623007	0.000768546234123453	0.003155084540085755	0.0006067470269395681	0.004287678990372949	0.003721381765229351	0.0010921446484912225	0.0015370924682469051	0.0025483375131461865	0.0010516948466952512	0.0024674379095542434	0.0010516948466952512	0.0009303454413073376	0.0021438394951864737	0.002548337513146186	0.0008494458377153954	0.00234608850416633	0.00020224900897985602	0.00137529326106302	0.0003235984143677696	0.0007280964323274818	0.0003640482161637409	0.00024269881077582724	0.0004449478197556833	0.0006876466305315106	0.0002831486125717984	0.0004853976215516545	0.000606747026939568	0.0008089960359194242	0.00040449801795971205	0.0002831486125717984	8.08996035919424e-05	4.04498017959712e-05	0.00040449801795971205	0.0001213494053879136	0.0001617992071838848	0.00020224900897985602	0.00020224900897985602	0.0004853976215516545	0.0001617992071838848	8.08996035919424e-05	0.00020224900897985602	0.0002831486125717984	0.00024269881077582724	0.0	0.0001213494053879136	0.0	8.08996035919424e-05	4.04498017959712e-05	0.0001617992071838848	0.0	8.08996035919424e-05	4.04498017959712e-05	0.0	4.04498017959712e-05	0.0	8.08996035919424e-05	0.00020224900897985602	0.0001213494053879136	0.0	0.0	8.08996035919424e-05	4.04498017959712e-05	8.08996035919424e-05	4.04498017959712e-05	0.0	8.08996035919424e-05	4.04498017959712e-05	0.0	0.0	0.0	0.0	0.0	0.000202249008979856	0.0	4.04498017959712e-05	4.04498017959712e-05	0.0	0.0	0.0	0.0	4.04498017959712e-05	0.0	0.0	0.0	0.0	0.0	0.0	4.04498017959712e-05	0.0	4.04498017959712e-05	0.0	0.0	0.0	4.04498017959712e-05	0.0	0.0	0.0	0.0	0.0	0.0	0.0	0.0	0.0
wa5a	0.21818748352148293	0.10570216437765223	0.17808777354329727	0.054456988087534165	0.05778864360873457	0.048153208216486755	0.058028331056302875	0.03681599194650218	0.03686392943601591	0.032213992953189205	0.015963184008053497	0.010833872630090351	0.023633182330241496	0.013686153256153959	0.010234654011169433	0.008173341962081436	0.006831092255698568	0.008245248196351944	0.0060401236787229395	0.007478248364133169	0.0006950935979482756	0.004170561587689648	0.003978811629634955	0.004146592842932816	0.003595311713525561	0.002636561923252077	0.004554061503799044	0.00548884254931569	0.002444811965197381	0.002348936986170033	0.006303779871048146	0.0024208432204405454	0.0030679993288751472	0.00203734330433115	0.0011265310035713425	0.0009108123007598093	0.001054624769300832	0.00031159368183888205	0.001030656024543995	0.0008389060664892982	0.00031159368183888205	4.793748951367417e-05	0.001102562258814506	0.00019174995805469668	0.0008628748112461354	7.190623427051125e-05	0.00021571870281153377	0.0001677812132978596	0.0005033436398935786	0.00023968744756837086	0.0003115936818388821	0.0001677812132978596	0.0002636561923252079	0.00033556242659571917	2.3968744756837084e-05	0.00014381246854102252	0.00031159368183888205	0.0008628748112461355	4.793748951367417e-05	7.190623427051125e-05	0.0001677812132978596	4.793748951367417e-05	0.0004074686608662304	0.0002157187028115338	4.793748951367417e-05	0.0	0.0001917499580546967	0.0	7.190623427051125e-05	0.0	2.3968744756837084e-05	0.00011984372378418543	0.00011984372378418542	0.0007190623427051126	0.00023968744756837086	2.3968744756837084e-05	2.3968744756837084e-05	7.190623427051125e-05	0.0	0.0	7.190623427051125e-05	0.00011984372378418543	2.3968744756837084e-05	2.3968744756837084e-05	2.3968744756837084e-05	4.793748951367417e-05	0.0	9.587497902734834e-05	0.0	2.3968744756837084e-05	0.0	0.0	9.587497902734834e-05	0.0	0.0	0.0	0.0	2.3968744756837084e-05	2.3968744756837084e-05	0.0	0.0	0.0	0.0	0.0	0.0	0.0	0.0	2.3968744756837084e-05	0.0	0.0	0.0	0.0	7.190623427051125e-05	0.0	0.0	0.0	0.0	0.0	0.0	0.0	0.0	0.0	0.0	0.0	0.0	0.0	0.0	0.0	0.0	0.0	0.0
wa5b	0.2008917334867497	0.09845025349681774	0.15396785444608246	0.059257128474344646	0.056452482830534646	0.05627269785336732	0.058502031570241954	0.04332817949732117	0.04509007227356079	0.03538168350652618	0.01787062673043039	0.00945668979900039	0.024235014922153093	0.017942540721297317	0.01182985149760886	0.008449893926863466	0.006831829132357699	0.009276904821833082	0.0061126892236884655	0.00640034518715616	0.0007910538995361548	0.006040775232821541	0.004027183488547697	0.005105893351551544	0.0040271834885476955	0.004135054474848081	0.004890151378950774	0.0065441731688900065	0.0027686886483765396	0.003092301607277695	0.007155442091258849	0.0019776347488403867	0.003523785552479235	0.001546150803638847	0.0014382798173384627	0.0016540217899392324	0.0016899787853726933	0.0002157419726007695	0.0010427528675703854	0.0007191399086692315	0.0005393549315019237	0.00021574197260076946	0.0015821077990723087	0.00028765596346769267	0.000898924885836539	0.0	0.000431483945201539	0.0002157419726007695	0.000431483945201539	7.191399086692315e-05	0.00028765596346769267	0.00043148394520153903	0.0005753119269353852	0.0002157419726007695	0.00010787098630038473	0.00028765596346769267	0.0002157419726007695	0.0005753119269353852	7.191399086692315e-05	3.595699543346158e-05	0.00028765596346769267	0.00010787098630038473	0.000431483945201539	0.00010787098630038473	0.0001438279817338463	7.191399086692315e-05	0.0001797849771673079	0.0	0.000431483945201539	0.0	0.0001797849771673079	0.00010787098630038473	0.0001797849771673079	0.0005753119269353852	0.000251698968034231	7.191399086692315e-05	7.191399086692315e-05	0.0	0.0	3.595699543346158e-05	0.00010787098630038473	3.595699543346158e-05	0.00010787098630038473	0.0	0.0	0.0	0.0	3.595699543346158e-05	0.0	7.191399086692315e-05	0.0	0.0	0.00010787098630038473	3.595699543346158e-05	0.0	0.0	0.0	0.0	3.595699543346158e-05	3.595699543346158e-05	0.0	3.595699543346158e-05	0.0	0.0	3.595699543346158e-05	0.0	0.0	0.0	0.0	0.0	7.191399086692315e-05	3.595699543346158e-05	3.595699543346158e-05	7.191399086692315e-05	0.0	0.0	0.0	0.0	0.0	0.0	0.0	0.0	3.595699543346158e-05	0.0	0.0	0.0	0.0	0.0	0.0	0.0	0.0
wa6a	0.17826694105541893	0.09212847273261737	0.09484786123768887	0.06765397618697605	0.07662060855504882	0.05343230927532023	0.05846685285903292	0.05207261502278436	0.051741878582978525	0.046523592532706264	0.017014552403351473	0.009407614287814212	0.019366455975304953	0.018374246655887057	0.011355284433338239	0.010877554020285183	0.005990004409819193	0.011355284433338254	0.010510069087167445	0.010399823607232106	0.0020211671321475823	0.007680435102160799	0.007165956195795968	0.010987799500220502	0.008525650448331621	0.006026752903130964	0.0030501249448772615	0.0033073643980596813	0.012347493752756162	0.00382184330442452	0.005328531530207257	0.0037115978244891975	0.0036013523445538745	0.002315155078641778	0.002204909598706454	0.0018741731589004857	0.001139203292665001	0.0006982213729237101	0.0010657063060414524	0.0004409819197412906	0.0008452153461708069	0.0006982213729237101	0.0008084668528590327	0.0004409819197412906	0.0007717183595472585	7.349698662354843e-05	0.00018374246655887108	0.0002572394531824195	0.001249448772600324	0.0002204909598706453	0.0005879758929883875	0.0004777304130530648	0.0009922093194179038	0.000514478906364839	0.00022049095987064529	0.00033073643980596794	0.00044098191974129057	0.0010657063060414524	0.00014699397324709687	0.0012127002792885493	0.00018374246655887108	0.00022049095987064529	0.000514478906364839	0.0002572394531824195	0.00029398794649419373	7.349698662354843e-05	0.0006247243863001617	7.349698662354843e-05	7.349698662354843e-05	0.0	0.00018374246655887108	0.00040423342642951636	0.00011024547993532266	3.674849331177422e-05	0.00029398794649419373	0.00011024547993532266	0.00014699397324709687	3.674849331177422e-05	7.349698662354843e-05	0.00014699397324709687	3.674849331177422e-05	0.00011024547993532266	0.0	0.00011024547993532266	0.0	0.0	0.0	0.0	3.674849331177422e-05	7.349698662354843e-05	3.674849331177422e-05	0.0	3.674849331177422e-05	0.0	0.0	3.674849331177422e-05	0.00011024547993532266	3.674849331177422e-05	3.674849331177422e-05	0.0	0.0	0.00014699397324709687	0.0	0.0	0.0	0.0	0.0	0.0	0.0	0.0	0.0	0.0	3.674849331177422e-05	0.0	0.0	0.0	0.0	0.0	0.0	0.0	0.0	0.0	0.0	0.0	3.674849331177422e-05	0.0	0.0	0.0	0.0	0.0	0.0
wa6b	0.19954953788800467	0.09762601289253589	0.09382038470499886	0.06265047764517029	0.07756232686980585	0.04895539389546116	0.06347891371320565	0.049550832319361846	0.04693608097962529	0.046055867657337976	0.01711238253035423	0.010251896341936944	0.017397157428741494	0.016724053123462788	0.00931990576539725	0.009345794392523338	0.004867061899707461	0.010174230460558637	0.010018898697802014	0.009915344189297633	0.0018122038988272453	0.0080772516633443	0.0073782587309395	0.010303673596189169	0.00807725166334429	0.00463406425557253	0.0031584125093846284	0.004323400730059287	0.011649882206746523	0.0034690760348978725	0.005022393662464085	0.0026924172211147653	0.0032878556450151456	0.002562974085484251	0.0015274290004401077	0.0014756517461879002	0.000880213322287519	0.0008543246951614155	0.001449763119061798	0.000569549796774277	0.0010355450850441403	0.00051777254252207	0.0010355450850441403	0.00036244077976544905	0.0010355450850441403	5.1777254252207005e-05	0.000155331762756621	0.00020710901700882802	0.0009061019494136225	0.0003365521526393455	0.000569549796774277	0.0002847748983871385	0.0008543246951614155	0.000569549796774277	0.00018122038988272452	0.000310663525513242	0.0002329976441349315	0.0011390995935485547	0.0001294431356305175	0.00139798586480959	0.00028477489838713856	0.00023299764413493152	0.000258886271261035	0.0003883294068915525	0.000155331762756621	2.5888627126103502e-05	0.0002847748983871385	0.000258886271261035	0.00020710901700882802	0.0	5.1777254252207005e-05	0.000258886271261035	7.766588137831051e-05	7.766588137831051e-05	0.0001812203898827245	0.00038832940689155254	5.1777254252207005e-05	5.1777254252207005e-05	0.0	0.00010355450850441401	2.5888627126103502e-05	0.0	5.1777254252207005e-05	7.766588137831051e-05	0.0	0.0	0.0	0.0	0.0	0.0	2.5888627126103502e-05	0.0	7.766588137831051e-05	0.0	5.1777254252207005e-05	2.5888627126103502e-05	7.766588137831051e-05	0.0	0.0	0.0	2.5888627126103502e-05	5.1777254252207005e-05	0.0	2.5888627126103502e-05	5.1777254252207005e-05	0.0	2.5888627126103502e-05	0.0	0.0	0.0	0.0	7.766588137831051e-05	0.0	0.0	5.1777254252207005e-05	0.0	0.0	2.5888627126103502e-05	0.0	2.5888627126103502e-05	0.0	0.0	0.0	0.0	0.0	2.5888627126103502e-05	0.0	0.0	0.0	0.0	2.5888627126103502e-05
wb4a	0.16647544118450794	0.23157405889745108	0.029913128995246608	0.11563678085559896	0.06217559962847611	0.04455553734360451	0.03663333879691842	0.047341965797956444	0.037370922799540886	0.011009124187291683	0.018412282139539878	0.02849259684204768	0.006091897503141572	0.011746708189914188	0.011173031743430036	0.013467737529366756	0.020788941703545845	0.007703655138501903	0.00931541277386219	0.006856799431787141	0.006884117357810196	0.0061192154291646325	0.008331967437032172	0.0031415614926514767	0.005463585204611272	0.00743047587827133	0.0028137463803748013	0.0016937114134294928	0.00202152652570617	0.007894880620663286	0.0007922198546686334	0.00289570015844397	0.0016663934874064366	0.0013658963011528172	0.0017210293394525496	0.0036606020870895485	0.0010927170409222534	0.0021581161558214498	0.0007375840026225207	0.00112003496694531	0.0010107632628530842	0.0015571217833142113	0.0008741736327378023	0.001283942523083648	0.00019122548216139433	0.00046440474239195766	0.0010927170409222534	0.0005463585204611266	5.463585204611266e-05	0.0007922198546686335	0.00021854340818445067	0.0004644047423919575	0.0009561274108069715	0.000245861334207507	0.00019122548216139433	0.00040976889034584487	0.000245861334207507	2.731792602305633e-05	0.00013658963011528165	0.0	0.0003004971862536196	0.00021854340818445067	0.00013658963011528165	8.1953778069169e-05	0.00021854340818445065	0.0003004971862536196	0.0	0.0001912254821613943	5.463585204611266e-05	0.00013658963011528165	0.00019122548216139433	5.463585204611266e-05	8.1953778069169e-05	0.0	8.1953778069169e-05	8.195377806916898e-05	8.1953778069169e-05	0.00013658963011528165	0.00013658963011528165	0.00010927170409222532	2.731792602305633e-05	0.0	0.0	2.731792602305633e-05	5.463585204611266e-05	8.1953778069169e-05	8.195377806916898e-05	2.731792602305633e-05	0.00016390755613833797	2.731792602305633e-05	2.731792602305633e-05	5.463585204611266e-05	0.0	5.463585204611266e-05	2.731792602305633e-05	0.0	0.0	0.0	2.731792602305633e-05	0.0	0.0	0.0	0.0	0.0	0.0	0.0	5.463585204611266e-05	0.0	0.0	0.0	0.0	0.0	0.0	2.731792602305633e-05	0.0	0.0	2.731792602305633e-05	0.0	2.731792602305633e-05	0.0	5.463585204611266e-05	0.0	0.0	0.0	0.0	0.0	2.731792602305633e-05	0.0	0.0	0.0	0.0
wb4b	0.16635972989563935	0.21398909471707397	0.03271584877044733	0.09738923193586947	0.07236485754522856	0.051348716282092435	0.03722962481493506	0.04892933232224726	0.03661575127288461	0.009858086881161328	0.02069114938793182	0.027804860434044565	0.007438702921315869	0.01115805438197382	0.012999675008124805	0.01444408334236091	0.022641100639150653	0.008377568338569341	0.011446936048821035	0.009280323547466876	0.006897049795977326	0.00696927021268915	0.007835915213230786	0.0025638247932690565	0.0058137435453002664	0.0070414906294009386	0.003719351460657927	0.001913841042862817	0.0020221716679305235	0.0077998050048748895	0.0007222041671180442	0.003286028960387101	0.004008233127505146	0.0015166287509478925	0.00213050229299823	0.00278048604340447	0.0009388654172534574	0.0015166287509478927	0.0010833062506770662	0.0008305347921857508	0.001227747084100675	0.0012638572924565771	0.0005777633336944353	0.0019499512512187196	0.00014444083342360885	0.0008305347921857509	0.0009388654172534576	0.0005777633336944353	0.00014444083342360885	0.001516628750947893	0.0004694327086267286	0.0003972122919149243	0.0007944245838298487	0.0003611020835590221	0.00018055104177951104	0.00039721229191492423	0.00032499187520311984	0.0	0.00018055104177951104	3.611020835590221e-05	0.00014444083342360885	0.00032499187520311984	0.00021666125013541324	7.222041671180442e-05	0.0	0.0004333225002708265	3.611020835590221e-05	0.00028888166684721764	0.00010833062506770663	0.00014444083342360885	7.222041671180442e-05	3.611020835590221e-05	7.222041671180442e-05	0.0	0.0	0.0	3.611020835590221e-05	0.00014444083342360885	0.00018055104177951104	7.222041671180442e-05	0.0	0.0	0.0	0.0	3.611020835590221e-05	0.0	0.0	3.611020835590221e-05	0.00018055104177951104	3.611020835590221e-05	3.611020835590221e-05	0.0	0.0	0.0	7.222041671180442e-05	0.0	0.0	3.611020835590221e-05	0.0	0.0	0.0	0.0	0.00014444083342360885	0.00010833062506770663	0.0	0.0	0.0	0.0	0.0	0.0	3.611020835590221e-05	3.611020835590221e-05	0.0	0.0	0.0	0.0	0.0	0.0	0.0	0.0	0.0	0.0	3.611020835590221e-05	0.0	0.0	0.0	0.0	0.0	0.0	3.611020835590221e-05	0.0
wb5a	0.20300165445521584	0.10491609548569984	0.11897896478373858	0.09539116048215462	0.049870007090522	0.05098085558969386	0.049870007090522014	0.04530843772157813	0.050035452611674976	0.022996927440321505	0.017702670763413007	0.015859134956275143	0.012857480501063593	0.015953675254077065	0.015268258095013006	0.011959347671945184	0.011486646182935477	0.008863152918931697	0.006759631292838552	0.009714015599149141	0.0003545261167572678	0.006972346962892909	0.0026707634129047512	0.004537934294493024	0.004041597731032852	0.004136138028834789	0.005436067123611435	0.006192389506026939	0.0032852753486173505	0.005530607421413365	0.00281257385960766	0.003828882060978492	0.005152446230205622	0.0032616402741668664	0.0027180335618057208	0.0024816828173008752	0.0019617111793902163	0.001087213424722288	0.0007799574568659894	0.0011344835736232571	0.0009454029780193813	0.0005199716379106593	0.0012999290947766494	0.000590876861262113	0.0010399432758213191	4.7270148900969035e-05	0.0011344835736232571	0.0001418104467029071	0.0003072559678562987	0.00037816119120775223	0.0006145119357125976	0.000590876861262113	0.00016544552115339164	0.0003545261167572678	0.00016544552115339164	0.0002836208934058142	0.0002836208934058142	4.7270148900969035e-05	0.0004963365634601749	0.0001418104467029071	0.0003072559678562987	0.0003072559678562987	0.00016544552115339164	0.00040179626565823673	0.00040179626565823673	0.0001654455211533916	0.00016544552115339164	0.0005199716379106593	9.454029780193807e-05	0.0	0.00016544552115339164	0.00011817537225242258	0.00018908059560387617	7.090522335145356e-05	0.0	2.3635074450484518e-05	7.090522335145356e-05	7.090522335145356e-05	9.454029780193807e-05	7.090522335145356e-05	2.3635074450484518e-05	4.7270148900969035e-05	0.0	4.7270148900969035e-05	0.0	2.3635074450484518e-05	0.0	0.00011817537225242258	4.7270148900969035e-05	4.7270148900969035e-05	0.0	4.7270148900969035e-05	0.0	2.3635074450484518e-05	7.090522335145356e-05	2.3635074450484518e-05	7.090522335145356e-05	0.0	7.090522335145356e-05	2.3635074450484518e-05	0.0	4.7270148900969035e-05	0.0	2.3635074450484518e-05	0.0	0.0	0.0	2.3635074450484518e-05	0.0	0.0	2.3635074450484518e-05	0.0	0.0	0.0	2.3635074450484518e-05	0.0	2.3635074450484518e-05	2.3635074450484518e-05	0.0	0.0	0.0	0.0	0.0	0.0	0.0	0.0	0.0	2.3635074450484518e-05	0.0	0.0	0.0
wb5b	0.21089656370321466	0.10737341863763965	0.10314680253596933	0.09518571056364498	0.0393133196306052	0.055582896679500046	0.04860608516920922	0.05077729207075206	0.05491705989636062	0.0228121471788784	0.017138059809512735	0.014503662102307293	0.012564050603595537	0.015777436817879176	0.015169498885447124	0.013258836812089298	0.013229887386735376	0.007266305763830591	0.0073821034652462175	0.008887473583649372	0.0003473931042468807	0.007353154039892308	0.0030975885128680172	0.00460295863127117	0.00503720001157977	0.004487160929855543	0.005992531048258694	0.007266305763830587	0.003792374721361774	0.006108328749674322	0.002865993110036762	0.0039660712734852195	0.004226616101670382	0.001968560924065657	0.002489650580435976	0.003329183915699271	0.0017659149465883103	0.0007816344845554816	0.0007816344845554816	0.001476420693049243	0.0013895724169875228	0.0006658367831398547	0.0007526850592015749	0.0007237356338476681	0.0007526850592015749	0.0	0.0011000781634484555	0.00037634252960078743	0.0004921402310164143	0.00020264597747734708	0.0007526850592015749	0.0005500390817242278	0.00020264597747734708	0.000521089656370321	8.684827606172017e-05	0.00031844367889297397	0.000521089656370321	5.789885070781345e-05	0.0007816344845554816	5.789885070781345e-05	0.00014474712676953362	0.00037634252960078743	0.00028949425353906724	0.0001157977014156269	0.00037634252960078743	0.00017369655212344035	0.00020264597747734708	0.00028949425353906724	0.0003473931042468807	2.8949425353906726e-05	0.0002315954028312538	0.0001157977014156269	0.0002315954028312538	0.0001157977014156269	5.789885070781345e-05	2.8949425353906726e-05	2.8949425353906726e-05	0.0001157977014156269	0.0	0.0	8.684827606172017e-05	0.0001157977014156269	0.0	0.0	5.789885070781345e-05	2.8949425353906726e-05	0.0001157977014156269	8.684827606172017e-05	0.0	5.789885070781345e-05	0.0	0.0	0.0	0.0	2.8949425353906726e-05	2.8949425353906726e-05	2.8949425353906726e-05	0.0	5.789885070781345e-05	0.0	0.0	0.0	0.0	2.8949425353906726e-05	0.0	0.0	2.8949425353906726e-05	2.8949425353906726e-05	2.8949425353906726e-05	0.0	0.0	2.8949425353906726e-05	0.0	0.0	2.8949425353906726e-05	0.0	0.0	0.0	0.0	2.8949425353906726e-05	0.0	0.0	0.0	0.0	0.0	0.0	0.0	0.0	0.0	0.0	0.0
wb6a	0.22576702737110432	0.11195416931890663	0.20809675366009034	0.054665817950349874	0.03984723106301699	0.04486314449395232	0.04903882877148294	0.025155951623169772	0.03839592616168016	0.02566518141311257	0.015276893698281162	0.011788669637173703	0.024646721833227136	0.016422660725652346	0.013087205601527669	0.008860598345003159	0.0052450668364099305	0.00646721833227244	0.005168682367918525	0.004481222151495863	0.0010184595798854233	0.0056779121578612365	0.002978994271164863	0.005143220878421388	0.005015913430935711	0.003208147676639084	0.004710375556970083	0.005525143220878422	0.002215149586250796	0.00346276257161044	0.005652450668364101	0.0016804583068109487	0.0025461489497135585	0.001858688733290898	0.001476766390833864	0.0006365372374283896	0.0015276893698281354	0.000611075747931254	0.0008911521323997457	0.0003564608529598982	0.0003564608529598982	0.0002291534054742203	0.0006619987269255253	0.0001782304264799491	0.0013494589433481862	0.0001527689369828135	0.0005092297899427117	0.00010184595798854233	0.00030553787396562707	7.638446849140675e-05	0.0002800763844684915	0.0002800763844684914	5.0922978994271167e-05	0.0004073838319541694	7.638446849140675e-05	0.0003309993634627626	0.0004583068109484406	2.5461489497135583e-05	2.5461489497135583e-05	7.638446849140675e-05	0.0001273074474856779	0.0001782304264799491	0.00045830681094844063	0.00040738383195416944	0.0001273074474856779	2.5461489497135583e-05	2.5461489497135583e-05	0.0	5.0922978994271167e-05	0.0	0.00010184595798854233	7.638446849140675e-05	5.0922978994271167e-05	0.0002546148949713558	0.0002036919159770847	0.0	7.638446849140675e-05	2.5461489497135583e-05	2.5461489497135583e-05	2.5461489497135583e-05	5.0922978994271167e-05	0.00010184595798854233	0.0	5.0922978994271167e-05	2.5461489497135583e-05	0.0	5.0922978994271167e-05	0.00010184595798854233	0.0	2.5461489497135583e-05	5.0922978994271167e-05	0.0	2.5461489497135583e-05	0.0	5.0922978994271167e-05	0.0	0.0	2.5461489497135583e-05	0.0	5.0922978994271167e-05	0.0	0.0	2.5461489497135583e-05	0.0	0.0	2.5461489497135583e-05	2.5461489497135583e-05	0.0	0.0	0.0	0.0	0.0	0.0	2.5461489497135583e-05	0.0	0.0	0.0	2.5461489497135583e-05	0.0	0.0	0.0	0.0	0.0	0.0	0.0	0.0	0.0	0.0	0.0	0.0	0.0
wb6b	0.21486121404834116	0.10419107275204982	0.20314629306428833	0.05176082434790913	0.04047624740000465	0.04666841992014684	0.05424725655676939	0.029096038444067086	0.03937647930762403	0.030745690582637944	0.015564109307385087	0.01075860090372244	0.02763765032156254	0.018719965572477043	0.012671241064384242	0.009682740813350207	0.00580964448801014	0.007698376646663652	0.006120448514117685	0.004972864417720614	0.0010519520883639753	0.004183900351447629	0.0030602242570588367	0.004446888373538625	0.00514022043177852	0.0034188442871829175	0.005522748463910872	0.005905276496043232	0.001960456164678319	0.003179764267100197	0.006096540512109413	0.0021039041767279506	0.0026298802209099377	0.0019126401606617755	0.0012671241064384257	0.0009563200803308868	0.0011954001004136085	0.0007411480622564372	0.0013388481124632422	0.0005259760441819877	0.00040643603414062694	0.00016735601405790516	0.0007650560642647091	0.000143448012049633	0.001410572118488059	7.17240060248165e-05	0.00033471202811581044	0.00019126401606617732	0.0004542520381571713	9.563200803308868e-05	0.000286896024099266	0.00045425203815717137	9.563200803308868e-05	0.0004303440361488991	0.00019126401606617732	0.00040643603414062694	0.00033471202811581033	2.390800200827217e-05	2.390800200827217e-05	0.00016735601405790516	0.000143448012049633	0.00019126401606617732	0.00047816004016544355	0.00016735601405790516	0.00023908002008272167	0.0	7.17240060248165e-05	0.0	0.00011954001004136085	0.0	4.781600401654434e-05	2.390800200827217e-05	2.390800200827217e-05	0.00028689602409926607	0.00011954001004136085	7.17240060248165e-05	0.0	4.781600401654434e-05	0.0	2.390800200827217e-05	4.781600401654434e-05	0.0	0.0	4.781600401654434e-05	4.781600401654434e-05	0.0	4.781600401654434e-05	4.781600401654434e-05	0.0	2.390800200827217e-05	2.390800200827217e-05	0.0	0.0	0.0	7.17240060248165e-05	0.0	0.0	2.390800200827217e-05	0.0	2.390800200827217e-05	0.0	2.390800200827217e-05	0.0	2.390800200827217e-05	0.0	4.781600401654434e-05	0.0	0.0	0.0	0.0	2.390800200827217e-05	0.0	2.390800200827217e-05	0.0	0.0	0.0	0.0	0.0	0.0	2.390800200827217e-05	0.0	0.0	4.781600401654434e-05	2.390800200827217e-05	0.0	0.0	0.0	0.0	0.0	0.0	0.0
